FIRE_SIZE_CLASS,DISCOVERY_MONTH_CONVERTED,D0,D1,D2,D3,D4,DAY_PRCP_1,DAY_PRCP_2,DAY_PRCP_3,DAY_PRCP_4,DAY_AVG_TEMP_1,DAY_AVG_TEMP_2,DAY_AVG_TEMP_3,DAY_AVG_TEMP_4,NAME_Ada,NAME_Adams,NAME_Bannock,NAME_Bear Lake,NAME_Benewah,NAME_Bingham,NAME_Blaine,NAME_Boise,NAME_Bonner,NAME_Bonneville,NAME_Boundary,NAME_Butte,NAME_Camas,NAME_Canyon,NAME_Caribou,NAME_Cassia,NAME_Clark,NAME_Clearwater,NAME_Custer,NAME_Elmore,NAME_Franklin,NAME_Fremont,NAME_Gem,NAME_Gooding,NAME_Idaho,NAME_Jefferson,NAME_Latah,NAME_Lemhi,NAME_Lewis,NAME_Lincoln,NAME_Madison,NAME_Minidoka,NAME_Nez Perce,NAME_Oneida,NAME_Owyhee,NAME_Payette,NAME_Power,NAME_Shoshone,NAME_Teton,NAME_Twin Falls,NAME_Valley,NAME_Washington,NAME_Jerome,NAME_Kootenai
D,8,100.0,100.0,47.78,0.0,0.0,0.0,0.0,0.0,0.0,77.0,78.25999999999998,74.84,76.82,0,0,0,0,0,0,0,0,0,0,0,0,0,0,0,0,0,0,0,0,0,0,0,0,1,0,0,0,0,0,0,0,0,0,0,0,0,0,0,0,0,0,0,0
D,8,100.0,100.0,47.78,0.0,0.0,0.0,0.0,0.0,0.0,74.84,76.82,73.75999999999998,70.16,0,0,0,0,0,0,0,0,0,0,0,0,0,0,0,0,0,0,0,0,0,0,0,0,1,0,0,0,0,0,0,0,0,0,0,0,0,0,0,0,0,0,0,0
D,8,100.0,100.0,47.78,0.0,0.0,0.0,0.0,0.0,0.0,78.25999999999998,74.84,76.82,73.75999999999998,0,0,0,0,0,0,0,0,0,0,0,0,0,0,0,0,0,0,0,0,0,0,0,0,1,0,0,0,0,0,0,0,0,0,0,0,0,0,0,0,0,0,0,0
D,8,100.0,100.0,59.68,0.0,0.0,0.0,0.3,0.0,0.0,78.44,69.25999999999999,69.08000000000001,71.42,0,0,0,0,0,0,0,0,0,0,0,0,0,0,0,0,0,0,0,0,0,0,0,0,1,0,0,0,0,0,0,0,0,0,0,0,0,0,0,0,0,0,0,0
D,8,100.0,100.0,47.78,0.0,0.0,0.0,0.0,0.0,0.0,77.0,78.25999999999998,74.84,76.82,0,0,0,0,0,0,0,0,0,0,0,0,0,0,0,0,0,0,0,0,0,0,0,0,1,0,0,0,0,0,0,0,0,0,0,0,0,0,0,0,0,0,0,0
D,8,100.0,100.0,47.78,0.0,0.0,0.0,0.0,0.0,0.0,78.25999999999998,74.84,76.82,73.75999999999998,0,0,0,0,0,0,0,0,0,0,0,0,0,0,0,0,0,0,0,0,0,0,0,0,1,0,0,0,0,0,0,0,0,0,0,0,0,0,0,0,0,0,0,0
D,8,100.0,100.0,23.36,0.0,0.0,0.0,1.0,0.0,0.0,73.94,74.30000000000003,70.52,69.44,0,0,0,0,0,0,0,0,0,0,0,0,0,0,0,0,0,1,0,0,0,0,0,0,0,0,0,0,0,0,0,0,0,0,0,0,0,0,0,0,0,0,0,0
D,8,100.0,100.0,47.57,0.0,0.0,1.0,0.0,0.0,0.0,74.30000000000003,70.52,69.44,71.6,0,0,0,0,0,0,0,0,0,0,0,0,0,0,0,0,0,0,0,0,0,0,0,0,1,0,0,0,0,0,0,0,0,0,0,0,0,0,0,0,0,0,0,0
D,8,100.0,100.0,47.57,0.0,0.0,0.0,0.0,0.0,0.0,71.6,75.02,77.0,78.25999999999998,0,0,0,0,0,0,0,0,0,0,0,0,0,0,0,0,0,0,0,0,0,0,0,0,1,0,0,0,0,0,0,0,0,0,0,0,0,0,0,0,0,0,0,0
D,8,100.0,100.0,59.68,0.0,0.0,0.0,0.0,0.0,0.0,71.42,77.72,84.56,83.30000000000003,0,0,0,0,0,0,0,0,0,0,0,0,0,0,0,0,0,0,0,0,0,0,0,0,1,0,0,0,0,0,0,0,0,0,0,0,0,0,0,0,0,0,0,0
D,7,0.0,0.0,0.0,0.0,0.0,0.0,0.0,0.0,0.0,78.25999999999998,79.34,78.25999999999998,78.98,0,0,0,0,0,0,0,0,0,0,0,0,0,0,0,0,0,0,0,0,0,0,0,0,1,0,0,0,0,0,0,0,0,0,0,0,0,0,0,0,0,0,0,0
D,7,12.76,0.04,0.0,0.0,0.0,0.0,0.0,0.0,0.0,86.18,83.48,85.46000000000002,84.38,0,0,0,0,0,0,0,0,0,0,0,0,0,0,0,0,0,0,0,0,0,0,0,0,1,0,0,0,0,0,0,0,0,0,0,0,0,0,0,0,0,0,0,0
D,8,29.43,0.0,0.0,0.0,0.0,0.0,2.5,0.0,2.0,84.2,83.48,75.02,73.22,0,0,0,0,0,0,0,0,0,0,0,0,0,0,0,0,0,0,0,0,0,0,0,0,0,0,0,0,0,0,0,0,0,0,0,0,0,0,0,0,1,0,0,0
D,8,25.5,0.0,0.0,0.0,0.0,0.0,0.0,0.0,0.0,76.46000000000002,79.16,81.5,83.12,0,0,0,0,0,0,0,0,0,0,0,0,0,0,0,0,0,0,0,0,0,0,0,0,0,0,0,0,0,0,0,0,0,0,0,0,0,0,0,0,1,0,0,0
D,8,55.43,0.0,0.0,0.0,0.0,0.0,0.0,0.0,0.0,68.9,69.62,69.08000000000001,68.9,0,0,0,0,0,0,0,0,0,0,0,0,0,0,0,0,0,0,0,0,0,0,0,0,0,0,0,1,0,0,0,0,0,0,0,0,0,0,0,0,0,0,0,0
D,8,100.0,0.0,0.0,0.0,0.0,0.0,0.0,0.0,4.1,80.78,74.84,73.4,66.2,0,0,0,0,0,0,0,0,0,0,0,0,0,0,0,0,0,0,0,0,0,0,0,0,0,0,0,0,0,0,0,0,0,0,0,0,0,0,0,0,0,0,0,0
D,8,69.5,5.67,0.0,0.0,0.0,0.0,0.0,0.0,0.0,76.46000000000002,79.16,81.5,83.12,0,0,0,0,0,0,0,0,0,0,0,0,0,0,0,0,0,0,0,0,0,0,0,0,1,0,0,0,0,0,0,0,0,0,0,0,0,0,0,0,0,0,0,0
D,8,72.73,0.04,0.0,0.0,0.0,0.0,0.0,0.0,0.0,76.1,76.46000000000002,77.9,84.2,0,0,0,0,0,0,0,0,0,0,0,0,0,0,0,0,0,0,0,0,0,0,0,0,1,0,0,0,0,0,0,0,0,0,0,0,0,0,0,0,0,0,0,0
D,8,73.18,0.04,0.0,0.0,0.0,0.0,0.0,2.5,0.0,77.9,84.2,83.48,75.02,0,0,0,0,0,0,0,0,0,0,0,0,0,0,0,0,0,0,0,0,0,0,0,0,1,0,0,0,0,0,0,0,0,0,0,0,0,0,0,0,0,0,0,0
D,8,29.43,0.0,0.0,0.0,0.0,0.0,0.0,0.0,0.5,77.53999999999998,81.5,86.36,80.24000000000002,0,0,0,0,0,0,0,0,0,0,0,0,0,0,0,0,0,0,0,0,0,0,0,0,0,0,0,0,0,0,0,0,0,0,0,0,0,0,0,0,1,0,0,0
D,8,16.42,0.0,0.0,0.0,0.0,0.0,0.0,0.0,0.0,68.0,69.80000000000001,71.96000000000002,72.14,0,0,0,0,0,0,0,0,0,0,1,0,0,0,0,0,0,0,0,0,0,0,0,0,0,0,0,0,0,0,0,0,0,0,0,0,0,0,0,0,0,0,0,0
D,8,73.18,0.04,0.0,0.0,0.0,0.0,0.0,3.0,2.5,71.06,75.02,73.58000000000001,69.80000000000001,0,0,0,0,0,0,0,0,0,0,0,0,0,0,0,0,0,0,0,0,0,0,0,0,1,0,0,0,0,0,0,0,0,0,0,0,0,0,0,0,0,0,0,0
D,9,93.08,5.16,0.0,0.0,0.0,0.0,0.0,0.0,5.1,59.90000000000001,63.31999999999999,51.98,44.78,0,0,0,0,0,0,0,0,0,0,0,0,0,0,0,0,0,0,0,0,0,0,0,0,1,0,0,0,0,0,0,0,0,0,0,0,0,0,0,0,0,0,0,0
D,10,36.6,0.0,0.0,0.0,0.0,0.0,0.0,0.0,0.0,47.12000000000001,48.2,35.78,29.12,0,0,0,0,0,0,0,1,0,0,0,0,0,0,0,0,0,0,0,0,0,0,0,0,0,0,0,0,0,0,0,0,0,0,0,0,0,0,0,0,0,0,0,0
D,8,0.0,0.0,0.0,0.0,0.0,0.0,0.0,0.0,0.0,73.58000000000001,67.46000000000001,70.34,73.75999999999998,0,1,0,0,0,0,0,0,0,0,0,0,0,0,0,0,0,0,0,0,0,0,0,0,0,0,0,0,0,0,0,0,0,0,0,0,0,0,0,0,0,0,0,0
D,9,100.0,0.0,0.0,0.0,0.0,0.0,0.0,0.0,0.0,71.9762626764068,72.29543715459882,72.58600682593917,72.35869338848896,0,0,0,0,0,0,0,0,0,0,0,0,0,0,0,0,0,0,0,0,0,0,0,0,0,0,0,0,0,0,0,0,0,0,0,0,0,1,0,0,0,0,0,0
D,8,73.18,0.04,0.0,0.0,0.0,0.0,0.0,3.0,2.5,71.06,75.02,73.58000000000001,69.80000000000001,0,0,0,0,0,0,0,0,0,0,0,0,0,0,0,0,0,0,0,0,0,0,0,0,1,0,0,0,0,0,0,0,0,0,0,0,0,0,0,0,0,0,0,0
D,8,16.42,0.0,0.0,0.0,0.0,0.0,0.0,0.0,0.0,68.0,69.80000000000001,71.96000000000002,72.14,0,0,0,0,0,0,0,0,0,0,1,0,0,0,0,0,0,0,0,0,0,0,0,0,0,0,0,0,0,0,0,0,0,0,0,0,0,0,0,0,0,0,0,0
D,8,0.0,0.0,0.0,0.0,0.0,0.0,0.0,0.0,0.0,79.88,77.53999999999998,81.5,86.36,0,0,0,0,0,0,0,0,0,0,0,0,0,0,0,0,0,0,1,0,0,0,0,0,0,0,0,0,0,0,0,0,0,0,0,0,0,0,0,0,0,0,0,0
D,8,100.0,100.0,100.0,43.23,0.0,0.0,0.0,0.0,0.0,80.42,85.28,76.82,74.48,0,0,0,0,0,0,0,1,0,0,0,0,0,0,0,0,0,0,0,0,0,0,0,0,0,0,0,0,0,0,0,0,0,0,0,0,0,0,0,0,0,0,0,0
D,7,100.0,93.61,0.0,0.0,0.0,0.0,0.0,0.0,0.0,86.72,81.32,81.14,82.22,0,0,0,0,0,0,0,0,0,0,0,0,0,0,0,0,0,0,1,0,0,0,0,0,0,0,0,0,0,0,0,0,0,0,0,0,0,0,0,0,0,0,0,0
D,7,100.0,100.0,0.0,0.0,0.0,0.0,0.0,0.0,0.5,86.18,86.53999999999998,84.02,87.44,0,0,0,0,0,0,0,0,0,0,0,0,0,0,0,0,0,0,0,0,0,0,0,0,0,0,0,0,0,0,0,0,0,0,0,0,0,0,0,0,1,0,0,0
D,7,100.0,0.22,0.0,0.0,0.0,0.0,0.0,0.0,0.0,81.86,86.9,88.52,86.72,0,1,0,0,0,0,0,0,0,0,0,0,0,0,0,0,0,0,0,0,0,0,0,0,0,0,0,0,0,0,0,0,0,0,0,0,0,0,0,0,0,0,0,0
D,9,100.0,100.0,100.0,0.0,0.0,0.0,0.3,0.0,0.0,55.94,53.78,53.42,51.26,0,0,0,0,0,0,0,0,0,0,0,0,0,0,1,0,0,0,0,0,0,0,0,0,0,0,0,0,0,0,0,0,0,0,0,0,0,0,0,0,0,0,0,0
D,7,100.0,100.0,0.0,0.0,0.0,0.0,0.3,0.5,0.0,81.5,81.5,77.0,77.36,0,0,0,0,0,0,0,0,0,0,0,0,0,0,0,0,0,0,0,0,0,0,0,0,1,0,0,0,0,0,0,0,0,0,0,0,0,0,0,0,0,0,0,0
D,7,100.0,100.0,0.0,0.0,0.0,0.0,0.0,0.3,0.5,84.92,81.5,81.5,77.0,0,0,0,0,0,0,0,0,0,0,0,0,0,0,0,0,0,0,0,0,0,0,0,0,1,0,0,0,0,0,0,0,0,0,0,0,0,0,0,0,0,0,0,0
D,8,100.0,100.0,100.0,82.57,0.0,0.0,0.0,0.0,0.0,69.08000000000001,70.34,69.08000000000001,64.94,0,0,0,0,0,0,0,0,0,0,0,0,0,0,0,0,0,0,0,0,0,0,0,0,1,0,0,0,0,0,0,0,0,0,0,0,0,0,0,0,0,0,0,0
D,8,100.0,100.0,100.0,82.6,0.0,0.0,0.0,0.0,0.0,70.88,72.86,71.96000000000002,75.56,0,0,0,0,0,0,0,0,0,0,0,0,0,0,0,0,0,0,0,0,0,0,0,0,1,0,0,0,0,0,0,0,0,0,0,0,0,0,0,0,0,0,0,0
D,8,100.0,100.0,100.0,82.6,0.0,0.0,0.0,0.0,0.3,75.56,71.78,64.58000000000001,58.82,0,0,0,0,0,0,0,0,0,0,0,0,0,0,0,0,0,0,0,0,0,0,0,0,1,0,0,0,0,0,0,0,0,0,0,0,0,0,0,0,0,0,0,0
D,7,100.0,55.02,0.0,0.0,0.0,0.0,0.0,0.0,5.1,69.80000000000001,69.98,73.75999999999998,72.5,0,0,0,0,0,0,0,0,0,0,0,0,0,0,0,0,0,0,0,0,0,0,0,0,0,0,0,1,0,0,0,0,0,0,0,0,0,0,0,0,0,0,0,0
D,8,100.0,100.0,100.0,82.57,0.0,0.0,0.0,0.0,0.0,69.25999999999999,69.08000000000001,70.34,69.08000000000001,0,0,0,0,0,0,0,0,0,0,0,0,0,0,0,0,0,0,0,0,0,0,0,0,1,0,0,0,0,0,0,0,0,0,0,0,0,0,0,0,0,0,0,0
D,6,100.0,62.69,0.0,0.0,0.0,0.0,0.0,0.0,0.0,75.74000000000002,80.78,79.88,78.98,0,0,0,0,0,0,1,0,0,0,0,0,0,0,0,0,0,0,0,0,0,0,0,0,0,0,0,0,0,0,0,0,0,0,0,0,0,0,0,0,0,0,0,0
D,7,100.0,58.72,0.0,0.0,0.0,0.0,0.0,0.0,0.0,67.46000000000001,69.08000000000001,74.84,73.03999999999998,0,0,0,0,0,0,0,0,0,0,0,0,0,0,0,1,0,0,0,0,0,0,0,0,0,0,0,0,0,0,0,0,0,0,0,0,0,0,0,0,0,0,0,0
D,8,35.31,0.0,0.0,0.0,0.0,0.3,0.0,0.3,0.0,79.88,72.86,73.4,67.28,0,0,0,0,0,0,0,0,0,0,0,0,0,0,0,0,0,0,0,0,0,0,0,0,1,0,0,0,0,0,0,0,0,0,0,0,0,0,0,0,0,0,0,0
D,7,26.46,0.0,0.0,0.0,0.0,5.6,0.0,0.0,0.0,71.9762626764068,67.28,71.42,77.36,0,0,0,0,0,0,0,0,0,0,0,0,0,0,0,0,0,0,0,0,0,0,0,0,1,0,0,0,0,0,0,0,0,0,0,0,0,0,0,0,0,0,0,0
D,8,33.76,0.0,0.0,0.0,0.0,0.0,0.0,0.0,0.0,64.58000000000001,66.38,72.58600682593917,71.96000000000002,0,0,0,0,0,0,0,0,0,0,0,0,0,0,0,0,0,0,0,0,0,0,0,0,1,0,0,0,0,0,0,0,0,0,0,0,0,0,0,0,0,0,0,0
D,8,35.31,0.0,0.0,0.0,0.0,0.0,0.0,0.3,0.0,71.42,79.52,79.88,72.86,0,0,0,0,0,0,0,0,0,0,0,0,0,0,0,0,0,0,0,0,0,0,0,0,1,0,0,0,0,0,0,0,0,0,0,0,0,0,0,0,0,0,0,0
D,8,35.31,0.0,0.0,0.0,0.0,0.0,0.3,0.0,0.0,72.86,73.4,67.28,64.58000000000001,0,0,0,0,0,0,0,0,0,0,0,0,0,0,0,0,0,0,0,0,0,0,0,0,1,0,0,0,0,0,0,0,0,0,0,0,0,0,0,0,0,0,0,0
D,7,93.98,0.0,0.0,0.0,0.0,0.0,0.0,0.0,0.0,77.36,80.24000000000002,73.4,79.52,0,1,0,0,0,0,0,0,0,0,0,0,0,0,0,0,0,0,0,0,0,0,0,0,0,0,0,0,0,0,0,0,0,0,0,0,0,0,0,0,0,0,0,0
D,9,100.0,72.9,0.0,0.0,0.0,0.0,0.0,0.0,0.0,65.84,55.40000000000001,57.56,60.44,0,0,0,0,0,0,0,0,0,0,0,0,0,0,0,0,0,0,0,0,0,0,0,0,0,0,0,0,0,0,0,0,0,0,0,0,1,0,0,0,0,0,0,0
D,8,100.0,0.0,0.0,0.0,0.0,0.0,0.0,0.0,0.0,86.9,77.0,75.92,74.84,0,0,0,0,0,0,0,0,0,0,0,0,0,0,0,0,0,0,0,0,0,0,0,0,0,0,0,0,0,0,0,0,0,0,0,0,0,0,0,0,1,0,0,0
D,8,100.0,0.0,0.0,0.0,0.0,0.0,0.0,0.0,0.0,63.14,64.75999999999999,68.18,69.80000000000001,0,0,0,0,0,0,0,0,0,0,0,0,0,0,0,0,0,0,0,0,0,0,0,0,0,0,0,1,0,0,0,0,0,0,0,0,0,0,0,0,0,0,0,0
D,8,100.0,0.0,0.0,0.0,0.0,0.0,0.0,0.0,0.0,69.98,67.1,63.14,64.75999999999999,0,0,0,0,0,0,0,0,0,0,0,0,0,0,0,0,0,0,0,0,0,0,0,0,0,0,0,1,0,0,0,0,0,0,0,0,0,0,0,0,0,0,0,0
D,7,0.0,0.0,0.0,0.0,0.0,0.0,0.0,0.0,0.0,69.98,72.5,73.94,76.1,0,0,0,0,0,0,0,0,0,0,0,0,0,0,0,0,0,0,0,0,0,0,0,0,1,0,0,0,0,0,0,0,0,0,0,0,0,0,0,0,0,0,0,0
D,8,0.0,0.0,0.0,0.0,0.0,0.0,0.0,0.0,0.0,66.74000000000001,67.1,70.34,75.38,0,0,0,0,0,0,0,0,0,0,0,0,0,0,0,0,0,0,0,0,1,0,0,0,0,0,0,0,0,0,0,0,0,0,0,0,0,0,0,0,0,0,0,0
D,7,0.0,0.0,0.0,0.0,0.0,0.5,0.0,0.0,0.0,66.56,67.28,68.72,72.5,0,0,0,0,0,0,0,0,0,0,0,0,0,0,0,0,0,0,0,0,0,0,0,0,1,0,0,0,0,0,0,0,0,0,0,0,0,0,0,0,0,0,0,0
D,9,0.0,0.0,0.0,0.0,0.0,0.0,0.0,0.3,0.0,70.16,64.75999999999999,63.14,61.7,0,0,0,0,0,0,0,0,0,0,0,0,0,0,0,0,0,0,0,0,0,0,0,0,1,0,0,0,0,0,0,0,0,0,0,0,0,0,0,0,0,0,0,0
D,8,0.0,0.0,0.0,0.0,0.0,0.3,0.0,0.0,0.3,85.46000000000002,85.64,84.02,82.03999999999998,0,0,0,0,0,0,0,0,0,0,0,0,0,0,0,0,0,0,0,0,0,0,0,0,0,0,0,0,0,0,0,0,0,0,0,0,0,0,0,0,1,0,0,0
D,7,0.0,0.0,0.0,0.0,0.0,0.0,15.2,0.3,0.5,76.46000000000002,72.29543715459882,72.58600682593917,66.56,0,0,0,0,0,0,0,0,0,0,0,0,0,0,0,0,0,0,0,0,0,0,0,0,1,0,0,0,0,0,0,0,0,0,0,0,0,0,0,0,0,0,0,0
D,8,0.0,0.0,0.0,0.0,0.0,0.0,0.0,0.0,0.0,64.94,68.18,68.36,68.18,0,0,0,0,0,0,0,0,0,0,0,0,0,0,0,0,0,0,0,0,0,0,0,0,1,0,0,0,0,0,0,0,0,0,0,0,0,0,0,0,0,0,0,0
D,8,0.0,0.0,0.0,0.0,0.0,0.0,0.0,0.0,2.0,68.36,68.18,68.36,68.36,0,0,0,0,0,0,0,0,0,0,0,0,0,0,0,0,0,0,0,0,0,0,0,0,1,0,0,0,0,0,0,0,0,0,0,0,0,0,0,0,0,0,0,0
D,8,0.0,0.0,0.0,0.0,0.0,0.0,0.0,0.0,2.0,68.36,68.18,68.36,68.36,0,0,0,0,0,0,0,0,0,0,0,0,0,0,0,0,0,0,0,0,0,0,0,0,1,0,0,0,0,0,0,0,0,0,0,0,0,0,0,0,0,0,0,0
D,9,0.0,0.0,0.0,0.0,0.0,0.0,0.0,0.0,0.0,72.5,69.44,68.72,63.14,0,0,0,0,0,0,0,0,0,0,0,0,0,0,0,0,0,0,0,0,0,0,0,0,0,0,0,0,0,0,0,0,0,0,0,0,0,0,0,0,1,0,0,0
D,9,0.0,0.0,0.0,0.0,0.0,0.0,0.0,0.0,0.0,71.9762626764068,72.29543715459882,72.58600682593917,72.35869338848896,0,0,0,0,0,0,0,0,1,0,0,0,0,0,0,0,0,0,0,0,0,0,0,0,0,0,0,0,0,0,0,0,0,0,0,0,0,0,0,0,0,0,0,0
D,8,0.0,0.0,0.0,0.0,0.0,0.0,0.0,0.0,0.0,80.42,80.06,82.4,85.64,0,1,0,0,0,0,0,0,0,0,0,0,0,0,0,0,0,0,0,0,0,0,0,0,0,0,0,0,0,0,0,0,0,0,0,0,0,0,0,0,0,0,0,0
D,7,100.0,42.03,0.0,0.0,0.0,0.0,0.0,0.0,0.0,73.94,73.03999999999998,77.0,77.0,0,0,0,0,0,0,0,0,0,0,0,0,0,0,0,0,0,0,0,0,0,0,0,0,1,0,0,0,0,0,0,0,0,0,0,0,0,0,0,0,0,0,0,0
D,8,100.0,66.39,3.24,0.0,0.0,0.0,0.0,1.3,0.0,71.96000000000002,78.98,72.58600682593917,75.92,0,0,0,0,0,0,0,0,0,0,0,0,0,0,0,0,0,0,0,0,0,0,0,0,1,0,0,0,0,0,0,0,0,0,0,0,0,0,0,0,0,0,0,0
D,6,58.14,0.0,0.0,0.0,0.0,0.0,0.0,0.0,0.0,60.98,60.98,64.03999999999999,64.94,0,0,0,0,0,0,0,0,0,0,0,0,0,0,0,0,0,0,0,0,0,0,0,0,1,0,0,0,0,0,0,0,0,0,0,0,0,0,0,0,0,0,0,0
D,8,100.0,39.02,0.0,0.0,0.0,0.0,3.0,0.3,0.0,75.02,75.92,66.92,64.94,0,0,0,0,0,0,0,0,0,0,0,0,0,0,0,0,0,0,0,0,0,0,0,0,1,0,0,0,0,0,0,0,0,0,0,0,0,0,0,0,0,0,0,0
D,8,100.0,39.02,0.0,0.0,0.0,0.3,0.0,0.0,0.0,66.92,64.94,68.0,64.94,0,0,0,0,0,0,0,0,0,0,0,0,0,0,0,0,0,0,0,0,0,0,0,0,1,0,0,0,0,0,0,0,0,0,0,0,0,0,0,0,0,0,0,0
D,8,100.0,39.02,0.0,0.0,0.0,0.3,0.0,0.0,0.0,66.92,64.94,68.0,64.94,0,0,0,0,0,0,0,0,0,0,0,0,0,0,0,0,0,0,0,0,0,0,0,0,1,0,0,0,0,0,0,0,0,0,0,0,0,0,0,0,0,0,0,0
D,8,98.32,0.0,0.0,0.0,0.0,0.0,0.0,0.0,0.0,73.03999999999998,69.98,78.08000000000001,69.98,0,0,0,0,0,0,0,0,0,0,0,0,0,0,0,0,0,1,0,0,0,0,0,0,0,0,0,0,0,0,0,0,0,0,0,0,0,0,0,0,0,0,0,0
D,7,100.0,100.0,0.0,0.0,0.0,0.0,0.0,0.0,0.3,73.94,71.06,71.96000000000002,73.94,0,0,1,0,0,0,0,0,0,0,0,0,0,0,0,0,0,0,0,0,0,0,0,0,0,0,0,0,0,0,0,0,0,0,0,0,0,0,0,0,0,0,0,0
D,7,100.0,100.0,0.0,0.0,0.0,0.0,0.3,0.0,0.0,71.96000000000002,73.94,75.02,75.02,0,0,0,0,0,0,0,0,0,0,0,0,0,0,0,0,0,0,0,0,0,0,0,0,0,0,0,0,0,0,0,0,0,0,0,0,1,0,0,0,0,0,0,0
D,10,100.0,100.0,78.51,0.0,0.0,0.0,0.0,0.0,0.0,44.06,46.94,48.02,51.98,0,0,0,0,0,0,0,0,0,1,0,0,0,0,0,0,0,0,0,0,0,0,0,0,0,0,0,0,0,0,0,0,0,0,0,0,0,0,0,0,0,0,0,0
D,8,0.0,0.0,0.0,0.0,0.0,0.0,0.0,0.0,0.0,77.18,80.06,72.58600682593917,72.35869338848896,0,0,0,0,0,0,0,0,1,0,0,0,0,0,0,0,0,0,0,0,0,0,0,0,0,0,0,0,0,0,0,0,0,0,0,0,0,0,0,0,0,0,0,0
D,8,0.0,0.0,0.0,0.0,0.0,0.0,0.0,0.0,0.0,80.06,72.29543715459882,72.58600682593917,72.35869338848896,0,0,0,0,0,0,0,0,1,0,0,0,0,0,0,0,0,0,0,0,0,0,0,0,0,0,0,0,0,0,0,0,0,0,0,0,0,0,0,0,0,0,0,0
D,8,0.0,0.0,0.0,0.0,0.0,0.0,0.0,0.0,0.0,77.18,80.06,72.58600682593917,72.35869338848896,0,0,0,0,0,0,0,0,1,0,0,0,0,0,0,0,0,0,0,0,0,0,0,0,0,0,0,0,0,0,0,0,0,0,0,0,0,0,0,0,0,0,0,0
D,9,100.0,100.0,100.0,59.03,0.0,0.0,0.0,0.0,0.0,64.03999999999999,66.92,66.02,64.94,0,0,0,0,0,0,0,0,0,0,0,0,0,0,0,0,0,0,0,0,0,0,0,0,1,0,0,0,0,0,0,0,0,0,0,0,0,0,0,0,0,0,0,0
D,9,100.0,100.0,100.0,59.03,0.0,0.0,0.0,0.0,0.0,64.94,64.03999999999999,62.96,62.06,0,0,0,0,0,0,0,0,0,0,0,0,0,0,0,0,0,0,0,0,0,0,0,0,1,0,0,0,0,0,0,0,0,0,0,0,0,0,0,0,0,0,0,0
D,9,100.0,100.0,100.0,0.0,0.0,0.0,0.0,0.0,0.0,64.94,64.03999999999999,62.96,62.06,0,0,0,0,0,0,0,0,0,0,0,0,0,0,0,0,0,1,0,0,0,0,0,0,0,0,0,0,0,0,0,0,0,0,0,0,0,0,0,0,0,0,0,0
D,9,100.0,100.0,100.0,59.03,0.0,0.0,0.0,0.0,0.0,64.03999999999999,66.92,66.02,64.94,0,0,0,0,0,0,0,0,0,0,0,0,0,0,0,0,0,0,0,0,0,0,0,0,1,0,0,0,0,0,0,0,0,0,0,0,0,0,0,0,0,0,0,0
D,7,100.0,100.0,100.0,0.0,0.0,0.0,0.0,0.0,0.0,62.96,64.03999999999999,64.94,68.0,0,0,0,0,0,0,0,0,0,0,0,0,0,0,0,0,0,0,0,0,0,0,0,0,0,0,0,1,0,0,0,0,0,0,0,0,0,0,0,0,0,0,0,0
D,7,100.0,100.0,100.0,0.0,0.0,5.6,0.0,0.0,1.0,71.06,66.92,68.0,69.08000000000001,0,0,0,0,0,0,0,0,0,0,0,0,0,0,0,0,0,0,0,0,0,0,0,0,1,0,0,0,0,0,0,0,0,0,0,0,0,0,0,0,0,0,0,0
D,9,100.0,100.0,100.0,100.0,0.0,0.0,0.0,0.0,0.0,73.94,69.98,73.94,73.94,0,0,0,0,0,0,0,0,0,0,0,0,0,0,0,0,0,0,0,0,0,0,0,0,0,0,0,0,0,0,0,0,0,0,0,0,0,0,0,0,0,0,0,0
D,8,41.11,0.07,0.0,0.0,0.0,0.0,0.0,0.0,5.1,60.98,64.03999999999999,62.96,66.92,0,0,0,0,0,0,0,0,0,0,0,0,0,0,0,0,0,0,0,0,0,0,0,0,1,0,0,0,0,0,0,0,0,0,0,0,0,0,0,0,0,0,0,0
D,8,41.11,0.07,0.0,0.0,0.0,0.0,0.0,5.1,2.3,71.06,68.0,64.94,64.94,0,0,0,0,0,0,0,0,0,0,0,0,0,0,0,0,0,0,0,0,0,0,0,0,1,0,0,0,0,0,0,0,0,0,0,0,0,0,0,0,0,0,0,0
D,8,43.21,0.41,0.0,0.0,0.0,0.0,0.5,0.0,0.0,57.02,59.0,62.96,66.92,0,0,0,0,0,0,0,0,0,0,0,0,0,0,0,0,0,0,0,0,0,0,0,0,1,0,0,0,0,0,0,0,0,0,0,0,0,0,0,0,0,0,0,0
D,8,41.11,0.07,0.0,0.0,0.0,0.0,0.0,0.0,5.1,60.98,64.03999999999999,62.96,66.92,0,0,0,0,0,0,0,0,0,0,0,0,0,0,0,0,0,0,0,0,0,0,0,0,1,0,0,0,0,0,0,0,0,0,0,0,0,0,0,0,0,0,0,0
D,8,100.0,100.0,100.0,0.0,0.0,0.0,0.0,0.0,0.0,71.9762626764068,72.29543715459882,72.58600682593917,72.35869338848896,0,0,0,0,0,0,0,0,0,0,0,0,0,0,0,0,0,0,0,0,0,0,0,0,0,0,0,0,0,0,0,0,0,0,0,0,0,0,0,1,0,0,0,0
D,8,100.0,100.0,24.74,3.96,0.0,0.5,0.8,0.5,1.3,69.98,69.08000000000001,71.96000000000002,73.94,0,0,0,0,0,0,0,0,0,0,0,0,0,0,0,0,0,0,0,0,0,0,0,0,1,0,0,0,0,0,0,0,0,0,0,0,0,0,0,0,0,0,0,0
D,8,100.0,100.0,24.74,3.96,0.0,0.8,0.5,1.3,0.0,69.08000000000001,71.96000000000002,73.94,73.94,0,0,0,0,0,0,0,0,0,0,0,0,0,0,0,0,0,0,0,0,0,0,0,0,1,0,0,0,0,0,0,0,0,0,0,0,0,0,0,0,0,0,0,0
D,8,100.0,100.0,24.2,2.33,0.0,0.0,0.0,0.0,0.0,73.94,75.02,71.96000000000002,69.98,0,0,0,0,0,0,0,0,0,0,0,0,0,0,0,0,0,0,0,0,0,0,0,0,1,0,0,0,0,0,0,0,0,0,0,0,0,0,0,0,0,0,0,0
D,8,100.0,100.0,24.74,3.96,0.0,0.8,0.5,1.3,0.0,69.08000000000001,71.96000000000002,73.94,73.94,0,0,0,0,0,0,0,0,0,0,0,0,0,0,0,0,0,0,0,0,0,0,0,0,1,0,0,0,0,0,0,0,0,0,0,0,0,0,0,0,0,0,0,0
D,8,100.0,100.0,24.2,2.33,0.0,0.0,0.0,0.5,0.0,73.03999999999998,75.92,73.94,69.08000000000001,0,0,0,0,0,0,0,0,0,0,0,0,0,0,0,0,0,0,0,0,0,0,0,0,1,0,0,0,0,0,0,0,0,0,0,0,0,0,0,0,0,0,0,0
D,8,100.0,100.0,24.2,2.33,0.0,0.0,0.0,0.0,0.0,73.94,75.02,71.96000000000002,69.98,0,0,0,0,0,0,0,0,0,0,0,0,0,0,0,0,0,0,0,0,0,0,0,0,1,0,0,0,0,0,0,0,0,0,0,0,0,0,0,0,0,0,0,0
D,8,100.0,100.0,96.33,29.98,0.0,0.0,0.0,0.0,0.0,75.92,73.94,78.98,80.06,0,0,0,0,0,0,0,0,0,0,0,0,0,0,0,0,0,0,0,0,0,0,0,0,1,0,0,0,0,0,0,0,0,0,0,0,0,0,0,0,0,0,0,0
D,6,100.0,100.0,100.0,100.0,81.1,0.0,0.0,0.0,0.0,71.06,69.08000000000001,71.96000000000002,73.94,0,0,0,0,0,0,0,0,0,0,0,0,0,0,0,0,0,0,0,0,0,0,0,0,0,0,0,0,0,0,0,0,0,1,0,0,0,0,0,0,0,0,0,0
D,8,100.0,100.0,24.74,3.96,0.0,0.8,0.5,1.3,0.0,69.08000000000001,71.96000000000002,73.94,73.94,0,0,0,0,0,0,0,0,0,0,0,0,0,0,0,0,0,0,0,0,0,0,0,0,1,0,0,0,0,0,0,0,0,0,0,0,0,0,0,0,0,0,0,0
D,9,100.0,100.0,100.0,95.94,0.0,0.0,0.0,0.0,0.0,64.03999999999999,62.06,60.08,60.08,0,0,0,0,0,0,1,0,0,0,0,0,0,0,0,0,0,0,0,0,0,0,0,0,0,0,0,0,0,0,0,0,0,0,0,0,0,0,0,0,0,0,0,0
D,7,47.52,5.69,0.0,0.0,0.0,0.0,0.0,0.0,0.0,69.08000000000001,68.0,69.08000000000001,71.96000000000002,0,0,0,0,0,0,0,0,0,0,0,0,0,0,0,0,0,0,0,0,0,0,0,0,1,0,0,0,0,0,0,0,0,0,0,0,0,0,0,0,0,0,0,0
D,10,100.0,99.74,60.26,37.19,0.0,0.0,0.0,0.0,0.0,64.94,64.94,64.94,62.96,0,0,0,0,0,0,0,0,0,0,0,0,0,0,0,0,0,0,0,1,0,0,0,0,0,0,0,0,0,0,0,0,0,0,0,0,0,0,0,0,0,0,0,0
D,7,47.52,6.55,0.0,0.0,0.0,0.0,0.0,2.0,8.4,78.98,78.08000000000001,75.02,73.94,0,0,0,0,0,0,0,0,0,0,0,0,0,0,0,0,0,0,0,0,0,0,0,0,1,0,0,0,0,0,0,0,0,0,0,0,0,0,0,0,0,0,0,0
D,8,47.52,6.55,0.0,0.0,0.0,0.0,0.0,0.0,0.0,73.03999999999998,71.96000000000002,73.94,73.94,0,0,0,0,0,0,0,0,0,0,0,0,0,0,0,0,0,0,0,0,0,0,0,0,1,0,0,0,0,0,0,0,0,0,0,0,0,0,0,0,0,0,0,0
D,6,0.0,0.0,0.0,0.0,0.0,0.0,0.0,0.0,0.0,71.96000000000002,60.98,59.0,60.08,1,0,0,0,0,0,0,0,0,0,0,0,0,0,0,0,0,0,0,0,0,0,0,0,0,0,0,0,0,0,0,0,0,0,0,0,0,0,0,0,0,0,0,0
D,6,0.0,0.0,0.0,0.0,0.0,0.0,0.0,0.0,0.0,71.96000000000002,69.98,71.06,69.98,0,0,0,0,0,0,0,0,0,0,0,0,0,0,0,0,0,0,0,1,0,0,0,0,0,0,0,0,0,0,0,0,0,0,0,0,0,0,0,0,0,0,0,0
D,6,11.97,0.0,0.0,0.0,0.0,0.0,0.0,0.0,0.0,69.98,71.96000000000002,78.08000000000001,75.92,0,0,0,0,0,0,0,0,0,0,0,0,0,0,0,0,0,0,0,0,0,0,0,0,0,0,0,0,0,0,0,0,0,0,0,0,0,0,0,1,0,0,0,0
D,6,0.0,0.0,0.0,0.0,0.0,0.0,0.0,0.0,0.0,71.96000000000002,78.08000000000001,75.92,80.96000000000002,0,0,0,0,0,0,0,0,0,0,0,0,0,0,0,0,0,0,0,0,0,0,0,0,0,0,0,0,0,0,0,0,0,0,1,0,0,0,0,0,0,0,0,0
D,6,0.0,0.0,0.0,0.0,0.0,0.0,0.0,0.0,0.0,71.96000000000002,78.08000000000001,75.92,80.96000000000002,0,0,0,0,0,0,0,0,0,0,0,0,0,0,0,0,0,0,0,0,0,0,0,0,0,0,0,0,0,0,0,0,0,0,1,0,0,0,0,0,0,0,0,0
D,7,100.0,0.83,0.0,0.0,0.0,0.0,0.0,0.0,0.0,78.08000000000001,73.03999999999998,75.92,80.06,0,0,0,0,0,0,0,0,0,0,0,0,0,0,0,0,0,0,0,1,0,0,0,0,0,0,0,0,0,0,0,0,0,0,0,0,0,0,0,0,0,0,0,0
D,7,100.0,0.83,0.0,0.0,0.0,0.0,0.0,0.0,0.0,78.08000000000001,73.03999999999998,75.92,80.06,0,0,0,0,0,0,0,0,0,0,0,0,0,0,0,0,0,0,0,1,0,0,0,0,0,0,0,0,0,0,0,0,0,0,0,0,0,0,0,0,0,0,0,0
D,7,100.0,0.83,0.0,0.0,0.0,0.0,0.0,0.0,0.0,78.08000000000001,73.03999999999998,75.92,80.06,0,0,0,0,0,0,0,0,0,0,0,0,0,0,0,0,0,0,0,1,0,0,0,0,0,0,0,0,0,0,0,0,0,0,0,0,0,0,0,0,0,0,0,0
D,7,48.12,0.0,0.0,0.0,0.0,0.8,0.0,0.0,0.0,78.08000000000001,77.0,82.03999999999998,84.92,0,0,0,0,0,0,0,0,0,0,0,0,0,0,0,0,0,0,0,0,0,0,0,0,0,0,0,0,0,0,0,0,0,0,0,1,0,0,0,0,0,0,0,0
D,7,100.0,0.0,0.0,0.0,0.0,0.0,0.0,0.0,0.0,75.92,75.02,78.98,77.0,1,0,0,0,0,0,0,0,0,0,0,0,0,0,0,0,0,0,0,0,0,0,0,0,0,0,0,0,0,0,0,0,0,0,0,0,0,0,0,0,0,0,0,0
D,8,100.0,0.86,0.0,0.0,0.0,0.0,0.0,0.3,0.0,82.94,80.96000000000002,87.08000000000001,84.92,0,1,0,0,0,0,0,0,0,0,0,0,0,0,0,0,0,0,0,0,0,0,0,0,0,0,0,0,0,0,0,0,0,0,0,0,0,0,0,0,0,0,0,0
D,8,100.0,6.61,0.0,0.0,0.0,0.0,0.0,0.0,0.0,82.03999999999998,75.02,78.98,75.02,0,0,0,0,0,0,0,0,0,0,0,0,0,0,0,0,0,0,0,0,0,0,1,0,0,0,0,0,0,0,0,0,0,0,0,0,0,0,0,0,0,0,0,0
D,5,100.0,100.0,100.0,0.0,0.0,0.0,0.0,0.0,0.0,59.0,57.02,68.0,75.02,0,0,0,0,0,0,0,0,0,0,0,0,0,0,0,0,0,0,0,1,0,0,0,0,0,0,0,0,0,0,0,0,0,0,0,0,0,0,0,0,0,0,0,0
D,6,100.0,100.0,100.0,0.0,0.0,0.0,0.0,0.0,0.0,57.02,60.08,68.0,80.96000000000002,0,0,0,0,0,0,0,0,0,0,0,0,0,0,0,0,0,0,0,1,0,0,0,0,0,0,0,0,0,0,0,0,0,0,0,0,0,0,0,0,0,0,0,0
D,6,100.0,100.0,22.15,0.0,0.0,0.0,0.0,0.0,0.0,57.02,60.08,68.0,80.96000000000002,0,0,0,0,0,0,0,0,0,0,0,0,0,1,0,0,0,0,0,0,0,0,0,0,0,0,0,0,0,0,0,0,0,0,0,0,0,0,0,0,0,0,0,0
D,6,100.0,100.0,100.0,0.0,0.0,0.8,0.0,0.0,0.0,51.98,55.94,60.08,60.08,0,0,0,0,0,0,0,0,0,0,0,0,0,0,0,0,0,0,0,1,0,0,0,0,0,0,0,0,0,0,0,0,0,0,0,0,0,0,0,0,0,0,0,0
D,6,100.0,100.0,97.49,0.0,0.0,0.8,0.0,0.0,0.0,51.98,55.94,60.08,60.08,1,0,0,0,0,0,0,0,0,0,0,0,0,0,0,0,0,0,0,0,0,0,0,0,0,0,0,0,0,0,0,0,0,0,0,0,0,0,0,0,0,0,0,0
D,6,100.0,100.0,100.0,0.0,0.0,0.0,0.0,0.0,0.0,71.06,68.0,60.08,64.94,1,0,0,0,0,0,0,0,0,0,0,0,0,0,0,0,0,0,0,0,0,0,0,0,0,0,0,0,0,0,0,0,0,0,0,0,0,0,0,0,0,0,0,0
D,7,100.0,100.0,100.0,0.0,0.0,0.0,0.0,0.0,0.0,71.06,73.94,75.92,78.08000000000001,0,0,0,0,0,0,0,0,0,0,0,0,0,0,0,0,0,0,0,1,0,0,0,0,0,0,0,0,0,0,0,0,0,0,0,0,0,0,0,0,0,0,0,0
D,7,100.0,100.0,100.0,0.0,0.0,0.0,0.0,0.0,0.0,78.08000000000001,80.06,84.92,89.06,0,0,0,0,0,0,0,0,0,0,0,0,0,0,0,0,0,0,0,0,0,0,0,0,0,0,0,0,0,0,0,0,0,0,1,0,0,0,0,0,0,0,0,0
D,7,100.0,100.0,100.0,0.0,0.0,0.0,0.0,0.0,0.0,80.06,84.92,89.06,80.06,0,0,0,0,0,0,0,0,0,0,0,0,0,0,0,0,0,0,0,1,0,0,0,0,0,0,0,0,0,0,0,0,0,0,0,0,0,0,0,0,0,0,0,0
D,7,100.0,100.0,100.0,0.0,0.0,0.0,0.0,0.0,0.0,71.96000000000002,78.08000000000001,80.96000000000002,78.98,0,0,0,0,0,0,0,0,0,0,0,0,0,0,0,0,0,0,0,0,0,0,0,0,0,0,0,0,0,0,0,0,0,0,0,1,0,0,0,0,0,0,0,0
D,7,100.0,100.0,100.0,0.0,0.0,0.0,0.0,0.0,0.8,80.96000000000002,78.98,80.06,75.92,0,0,0,0,0,0,0,0,0,0,0,0,0,0,0,0,0,0,0,0,0,0,0,0,0,0,0,0,0,0,0,0,0,0,0,1,0,0,0,0,0,0,0,0
D,7,100.0,100.0,100.0,0.0,0.0,0.0,0.8,0.0,0.0,80.06,75.92,78.08000000000001,73.94,0,0,0,0,0,0,0,0,0,0,0,0,0,0,0,0,0,0,0,0,0,0,1,0,0,0,0,0,0,0,0,0,0,0,0,0,0,0,0,0,0,0,0,0
D,7,100.0,100.0,100.0,0.0,0.0,0.0,0.8,0.0,0.0,80.06,75.92,78.08000000000001,73.94,0,0,0,0,0,0,0,0,0,0,0,0,0,0,0,0,0,0,0,1,0,0,0,0,0,0,0,0,0,0,0,0,0,0,0,0,0,0,0,0,0,0,0,0
D,7,100.0,100.0,100.0,0.0,0.0,0.0,0.0,0.0,0.0,64.94,66.92,68.0,75.02,0,0,0,0,0,0,0,0,0,0,0,0,0,0,0,0,0,0,0,0,0,0,0,0,0,0,0,0,0,0,0,0,0,0,1,0,0,0,0,0,0,0,0,0
D,7,100.0,100.0,100.0,0.0,0.0,0.0,0.0,0.0,0.0,75.92,75.92,75.02,78.98,0,0,0,0,0,0,0,0,0,0,0,0,0,1,0,0,0,0,0,0,0,0,0,0,0,0,0,0,0,0,0,0,0,0,0,0,0,0,0,0,0,0,0,0
D,8,100.0,100.0,100.0,10.02,0.0,0.0,0.0,0.0,0.0,62.96,77.0,82.03999999999998,82.03999999999998,0,0,0,0,0,0,0,0,0,0,0,0,0,0,0,0,0,0,0,0,0,0,0,0,0,0,0,0,0,0,0,0,0,0,1,0,0,0,0,0,0,0,0,0
D,8,100.0,100.0,100.0,10.02,0.0,0.0,0.0,0.0,0.0,77.0,77.0,84.02,84.02,0,0,0,0,0,0,0,0,0,0,0,0,0,0,0,0,0,0,0,0,0,0,0,0,0,0,0,0,0,0,0,0,0,0,1,0,0,0,0,0,0,0,0,0
D,8,100.0,100.0,100.0,0.0,0.0,0.0,0.0,0.0,0.0,84.02,82.03999999999998,84.02,86.0,0,0,0,0,0,0,0,0,0,0,0,0,0,0,0,0,0,0,0,0,0,0,1,0,0,0,0,0,0,0,0,0,0,0,0,0,0,0,0,0,0,0,0,0
D,8,100.0,100.0,100.0,35.1,0.0,0.0,0.0,0.0,0.0,69.08000000000001,71.96000000000002,80.06,78.98,0,0,0,0,0,0,0,0,0,0,0,0,0,0,0,0,0,0,0,1,0,0,0,0,0,0,0,0,0,0,0,0,0,0,0,0,0,0,0,0,0,0,0,0
D,8,100.0,100.0,100.0,39.24,0.0,0.0,0.0,0.0,0.0,78.98,75.92,75.02,78.08000000000001,0,0,0,0,0,0,0,0,0,0,0,0,0,0,0,0,0,0,0,0,0,0,0,0,0,0,0,0,0,0,0,0,0,0,1,0,0,0,0,0,0,0,0,0
D,8,100.0,100.0,0.0,0.0,0.0,0.0,0.0,0.0,0.0,85.1,80.96000000000002,75.92,74.66,0,0,0,0,0,0,0,0,0,0,0,0,0,0,0,0,0,0,0,1,0,0,0,0,0,0,0,0,0,0,0,0,0,0,0,0,0,0,0,0,0,0,0,0
D,7,0.0,0.0,0.0,0.0,0.0,0.8,0.0,0.0,1.8,75.92,73.94,78.44,78.08000000000001,0,0,0,0,0,0,0,0,0,0,0,0,0,0,0,0,0,0,0,0,0,0,0,0,0,0,0,0,0,0,0,0,0,0,1,0,0,0,0,0,0,0,0,0
D,7,0.0,0.0,0.0,0.0,0.0,0.0,4.3,0.0,0.0,77.72,79.16,79.34,82.22,0,0,0,0,0,0,0,0,0,0,0,0,0,0,0,0,0,0,0,1,0,0,0,0,0,0,0,0,0,0,0,0,0,0,0,0,0,0,0,0,0,0,0,0
D,7,0.0,0.0,0.0,0.0,0.0,0.0,0.0,0.0,0.0,86.72,89.96000000000002,90.14,89.06,0,0,0,0,0,0,0,0,0,0,0,0,0,0,0,0,0,0,0,1,0,0,0,0,0,0,0,0,0,0,0,0,0,0,0,0,0,0,0,0,0,0,0,0
D,3,78.65,8.85,0.0,0.0,0.0,1.5,0.0,0.0,0.0,42.08,45.68,46.94,49.1,0,0,0,0,0,0,0,0,0,0,0,0,0,0,0,0,0,0,0,0,0,0,0,0,0,0,0,0,0,0,0,0,0,0,1,0,0,0,0,0,0,0,0,0
D,5,100.0,38.59,0.0,0.0,0.0,4.8,0.0,0.0,0.0,55.76,46.58,45.14,49.64,0,0,0,0,0,0,0,0,0,0,0,0,0,0,0,0,0,0,0,0,0,0,0,0,0,0,0,0,0,0,0,0,0,0,1,0,0,0,0,0,0,0,0,0
D,7,100.0,70.16,0.0,0.0,0.0,0.0,0.0,0.0,0.0,82.03999999999998,73.03999999999998,78.80000000000003,78.44,0,0,0,0,0,0,0,0,0,0,0,0,0,1,0,0,0,0,0,0,0,0,0,0,0,0,0,0,0,0,0,0,0,0,0,0,0,0,0,0,0,0,0,0
D,7,100.0,100.0,0.0,0.0,0.0,0.0,0.0,0.0,0.5,86.18,86.53999999999998,84.02,87.44,0,0,0,0,0,0,0,0,0,0,0,0,0,0,0,0,0,0,0,1,0,0,0,0,0,0,0,0,0,0,0,0,0,0,0,0,0,0,0,0,0,0,0,0
D,8,100.0,100.0,100.0,25.41,0.0,0.0,0.0,0.0,0.0,77.9,80.42,85.28,76.82,0,0,0,0,0,0,0,0,0,0,0,0,0,0,0,0,0,0,0,1,0,0,0,0,0,0,0,0,0,0,0,0,0,0,0,0,0,0,0,0,0,0,0,0
D,5,96.85,23.39,0.0,0.0,0.0,0.0,0.0,0.0,7.4,76.28,77.53999999999998,73.75999999999998,69.62,0,0,0,0,0,0,0,0,0,0,0,0,0,0,0,0,0,0,0,1,0,0,0,0,0,0,0,0,0,0,0,0,0,0,0,0,0,0,0,0,0,0,0,0
D,7,100.0,78.67,0.0,0.0,0.0,0.0,0.0,0.0,0.0,82.94,75.38,77.0,76.28,0,0,0,0,0,0,0,0,0,0,0,0,0,0,0,0,0,0,0,1,0,0,0,0,0,0,0,0,0,0,0,0,0,0,0,0,0,0,0,0,0,0,0,0
D,8,0.0,0.0,0.0,0.0,0.0,0.0,0.0,0.0,0.0,77.0,83.12,83.66,78.62,0,0,0,0,0,0,0,0,0,0,0,0,0,0,0,0,0,0,0,1,0,0,0,0,0,0,0,0,0,0,0,0,0,0,0,0,0,0,0,0,0,0,0,0
D,7,0.0,0.0,0.0,0.0,0.0,1.8,0.0,4.3,0.0,78.08000000000001,77.72,79.16,79.34,0,0,0,0,0,0,0,0,0,0,0,0,0,0,0,0,0,0,0,0,0,0,0,0,0,0,0,0,0,0,0,0,0,0,1,0,0,0,0,0,0,0,0,0
D,7,0.0,0.0,0.0,0.0,0.0,0.0,0.0,0.0,0.0,82.75999999999998,83.12,84.02,79.52,0,0,0,0,0,0,0,0,0,0,0,0,0,0,0,0,0,0,0,0,0,0,0,0,0,0,0,0,0,0,0,0,0,0,1,0,0,0,0,0,0,0,0,0
D,5,100.0,46.97,0.0,0.0,0.0,0.0,0.0,0.0,0.0,70.7,70.34,57.02,60.62000000000001,0,0,0,0,0,0,0,0,0,0,0,0,0,0,0,0,0,0,0,0,0,0,0,0,0,0,0,0,0,0,0,0,0,0,1,0,0,0,0,0,0,0,0,0
D,7,100.0,100.0,5.47,0.0,0.0,0.0,0.0,0.0,0.0,82.22,80.24000000000002,80.24000000000002,84.38,0,0,0,0,0,0,0,0,0,0,0,0,0,0,0,0,0,0,0,0,0,0,0,0,0,0,0,0,0,0,0,0,0,0,1,0,0,0,0,0,0,0,0,0
D,8,0.0,0.0,0.0,0.0,0.0,0.0,0.0,1.0,0.0,81.5,85.1,78.25999999999998,68.72,0,0,0,0,0,0,0,0,0,0,0,0,0,0,0,0,0,0,0,0,0,0,0,0,0,0,0,0,0,0,0,0,0,0,1,0,0,0,0,0,0,0,0,0
D,6,100.0,100.0,100.0,100.0,0.05,0.0,0.0,0.0,0.0,60.98,57.92,55.94,59.0,0,0,0,0,0,0,0,0,0,0,0,0,0,0,0,1,0,0,0,0,0,0,0,0,0,0,0,0,0,0,0,0,0,0,0,0,0,0,0,0,0,0,0,0
D,6,100.0,100.0,100.0,100.0,0.0,0.8,0.0,0.0,0.0,53.96,55.040000000000006,60.98,64.94,0,0,0,0,0,0,0,0,0,0,0,0,0,0,0,1,0,0,0,0,0,0,0,0,0,0,0,0,0,0,0,0,0,0,0,0,0,0,0,0,0,0,0,0
D,10,100.0,100.0,100.0,100.0,40.21,0.0,0.0,0.0,0.0,46.04,53.96,55.94,55.94,0,0,0,0,0,0,0,0,0,0,0,0,0,0,0,1,0,0,0,0,0,0,0,0,0,0,0,0,0,0,0,0,0,0,0,0,0,0,0,0,0,0,0,0
D,6,97.45,62.1,0.0,0.0,0.0,0.0,0.0,0.0,0.0,55.94,60.98,71.06,71.06,0,0,0,0,0,0,0,0,0,0,0,0,0,0,0,0,0,0,0,0,0,0,0,0,0,0,0,0,0,0,0,0,0,0,0,0,0,0,0,1,0,0,0,0
D,8,88.62,62.1,0.0,0.0,0.0,0.0,0.0,0.0,0.0,76.64,78.25999999999998,77.53999999999998,75.2,0,0,0,0,0,0,0,0,0,0,0,0,0,0,0,0,0,0,0,0,0,0,0,0,0,0,0,0,0,0,0,0,0,0,0,0,0,0,0,1,0,0,0,0
D,10,100.0,19.85,0.0,0.0,0.0,0.0,0.0,0.0,0.0,42.98,49.1,50.36,58.46,0,0,0,0,0,0,0,0,0,0,0,0,0,0,0,0,0,0,0,0,0,0,0,0,0,0,0,0,0,0,0,0,0,1,0,0,0,0,0,0,0,0,0,0
D,5,0.0,0.0,0.0,0.0,0.0,0.0,0.0,0.0,0.0,61.34,60.62000000000001,62.78,66.02,0,0,0,0,0,0,0,0,0,0,0,0,0,0,0,0,0,0,0,0,0,0,0,0,0,0,0,0,0,0,0,0,0,0,0,0,1,0,0,0,0,0,0,0
D,7,0.0,0.0,0.0,0.0,0.0,0.0,0.0,0.0,0.0,83.12,84.02,79.52,79.52,0,0,0,0,0,0,0,0,0,0,0,0,0,0,0,0,0,0,0,0,0,0,0,0,0,0,0,0,0,0,0,0,0,0,0,0,0,0,0,1,0,0,0,0
D,7,0.0,0.0,0.0,0.0,0.0,0.0,0.0,0.0,0.0,79.52,83.48,86.72,89.96000000000002,0,0,0,0,0,0,0,0,0,0,0,0,0,0,0,0,0,0,0,0,0,0,0,0,0,0,0,0,0,0,0,0,0,0,0,0,0,0,0,1,0,0,0,0
D,8,96.77,0.0,0.0,0.0,0.0,0.0,0.0,0.0,0.0,69.98,73.4,78.80000000000003,80.06,0,0,0,0,0,0,1,0,0,0,0,0,0,0,0,0,0,0,0,0,0,0,0,0,0,0,0,0,0,0,0,0,0,0,0,0,0,0,0,0,0,0,0,0
D,8,98.37,0.0,0.0,0.0,0.0,0.0,0.0,0.0,0.0,68.18,65.48,67.82,72.32,0,0,0,0,0,0,0,0,0,0,0,0,0,0,0,1,0,0,0,0,0,0,0,0,0,0,0,0,0,0,0,0,0,0,0,0,0,0,0,0,0,0,0,0
D,8,98.7,0.0,0.0,0.0,0.0,0.0,0.0,0.0,0.0,65.30000000000001,68.0,69.80000000000001,73.94,0,0,0,0,0,0,0,0,0,0,0,0,0,0,0,1,0,0,0,0,0,0,0,0,0,0,0,0,0,0,0,0,0,0,0,0,0,0,0,0,0,0,0,0
D,8,100.0,0.0,0.0,0.0,0.0,2.5,0.0,0.0,0.0,58.28,61.7,68.0,72.14,0,0,0,0,0,0,0,0,0,0,0,0,0,0,0,0,0,0,0,0,0,0,0,0,0,0,0,0,0,0,0,1,0,0,0,0,0,0,0,0,0,0,0,0
D,7,100.0,86.35,0.0,0.0,0.0,0.0,0.0,0.0,0.0,71.96000000000002,73.03999999999998,73.4,73.03999999999998,0,0,0,0,0,0,0,0,0,0,0,0,0,0,0,1,0,0,0,0,0,0,0,0,0,0,0,0,0,0,0,0,0,0,0,0,0,0,0,0,0,0,0,0
D,7,100.0,100.0,0.0,0.0,0.0,0.0,0.0,0.0,0.0,71.9762626764068,87.62,87.98,86.18,0,0,0,0,0,0,0,0,0,0,0,0,0,0,0,0,0,0,0,0,0,0,0,0,0,0,0,0,0,0,0,0,0,0,0,0,0,0,0,1,0,0,0,0
D,8,100.0,100.0,100.0,0.0,0.0,0.0,0.0,0.0,0.0,71.9762626764068,69.98,73.75999999999998,70.7,0,0,0,0,0,0,0,0,0,0,0,0,0,0,0,1,0,0,0,0,0,0,0,0,0,0,0,0,0,0,0,0,0,0,0,0,0,0,0,0,0,0,0,0
D,7,100.0,62.4,0.0,0.0,0.0,0.0,0.0,0.0,0.0,71.24000000000002,74.48,74.12,74.48,0,0,0,0,0,0,0,0,0,0,0,0,0,0,0,0,0,0,0,0,0,0,0,0,0,0,0,0,0,0,0,0,0,0,0,0,0,0,0,1,0,0,0,0
D,7,100.0,86.95,0.0,0.0,0.0,0.0,0.0,0.0,0.0,69.08000000000001,67.46000000000001,69.08000000000001,74.84,0,0,0,0,0,0,0,0,0,0,0,0,0,0,0,1,0,0,0,0,0,0,0,0,0,0,0,0,0,0,0,0,0,0,0,0,0,0,0,0,0,0,0,0
D,8,100.0,58.72,0.0,0.0,0.0,0.0,0.0,0.0,0.0,73.03999999999998,71.6,70.88,62.6,0,0,0,0,0,0,0,0,0,0,0,0,0,0,0,1,0,0,0,0,0,0,0,0,0,0,0,0,0,0,0,0,0,0,0,0,0,0,0,0,0,0,0,0
D,7,0.0,0.0,0.0,0.0,0.0,0.0,33.8,0.3,0.0,67.82,65.48,67.1,68.0,0,0,0,0,0,0,0,0,0,0,0,0,0,0,0,0,0,0,0,0,0,0,0,0,0,0,0,0,0,0,0,1,0,0,0,0,0,0,0,0,0,0,0,0
D,8,100.0,0.0,0.0,0.0,0.0,0.0,0.0,0.0,0.0,80.06,80.06,82.94,80.06,0,0,0,0,0,0,0,0,0,0,0,0,0,0,0,0,0,0,0,0,0,0,0,0,0,0,0,0,1,0,0,0,0,0,0,0,0,0,0,0,0,0,0,0
D,7,100.0,87.07,6.34,0.0,0.0,0.0,0.0,0.0,0.0,73.03999999999998,69.98,73.94,80.06,0,0,0,0,0,0,0,0,0,0,0,0,0,0,0,0,0,0,0,1,0,0,0,0,0,0,0,0,0,0,0,0,0,0,0,0,0,0,0,0,0,0,0,0
D,8,100.0,100.0,70.78,0.0,0.0,0.0,0.0,0.0,0.0,78.08000000000001,75.02,77.0,73.94,0,0,0,0,0,0,0,0,0,0,0,0,0,0,0,0,0,0,0,0,0,0,1,0,0,0,0,0,0,0,0,0,0,0,0,0,0,0,0,0,0,0,0,0
D,8,100.0,100.0,100.0,0.0,0.0,0.0,0.0,0.0,0.0,80.06,77.0,73.94,73.94,0,0,0,0,0,0,0,0,0,0,0,0,0,1,0,0,0,0,0,0,0,0,0,0,0,0,0,0,0,0,0,0,0,0,0,0,0,0,0,0,0,0,0,0
D,6,0.0,0.0,0.0,0.0,0.0,0.0,0.0,0.8,0.0,55.94,60.08,64.03999999999999,66.02,0,0,0,0,0,0,0,0,0,0,0,0,0,0,0,0,0,0,0,0,0,0,1,0,0,0,0,0,0,0,0,0,0,0,0,0,0,0,0,0,0,0,0,0
D,7,77.79,0.0,0.0,0.0,0.0,0.0,0.0,0.0,0.0,73.94,73.94,73.94,73.94,0,0,0,0,0,0,0,0,0,0,0,0,0,0,0,0,0,0,0,0,0,0,1,0,0,0,0,0,0,0,0,0,0,0,0,0,0,0,0,0,0,0,0,0
D,7,100.0,60.18,15.4,0.0,0.0,0.0,0.0,0.0,0.0,73.94,73.94,73.94,78.08000000000001,0,0,0,0,0,0,0,0,0,0,0,0,0,0,0,0,0,0,0,1,0,0,0,0,0,0,0,0,0,0,0,0,0,0,0,0,0,0,0,0,0,0,0,0
D,8,100.0,100.0,13.23,0.0,0.0,0.0,0.0,0.0,0.0,77.0,78.98,84.02,75.92,0,0,0,0,0,0,0,0,0,0,0,0,0,0,0,0,0,0,0,0,0,0,1,0,0,0,0,0,0,0,0,0,0,0,0,0,0,0,0,0,0,0,0,0
D,6,100.0,0.0,0.0,0.0,0.0,0.0,0.0,0.0,0.0,60.98,57.92,57.92,60.98,0,0,0,0,0,0,0,0,0,0,0,0,0,0,0,0,0,0,0,0,0,0,1,0,0,0,0,0,0,0,0,0,0,0,0,0,0,0,0,0,0,0,0,0
D,7,100.0,100.0,55.71,40.13,0.0,0.0,0.0,0.0,0.0,75.02,73.03999999999998,69.98,75.92,0,0,0,0,0,0,0,0,0,0,0,0,0,0,0,0,0,0,0,1,0,0,0,0,0,0,0,0,0,0,0,0,0,0,0,0,0,0,0,0,0,0,0,0
D,8,100.0,100.0,55.71,38.45,0.0,0.0,0.0,0.0,1.5,84.92,84.02,80.06,80.06,0,0,0,0,0,0,0,0,0,0,0,0,0,0,0,0,0,0,0,1,0,0,0,0,0,0,0,0,0,0,0,0,0,0,0,0,0,0,0,0,0,0,0,0
D,6,100.0,100.0,0.0,0.0,0.0,2.5,0.0,0.0,0.0,60.98,64.94,73.94,84.92,0,0,0,0,0,0,0,0,0,0,0,0,0,0,0,0,0,0,0,1,0,0,0,0,0,0,0,0,0,0,0,0,0,0,0,0,0,0,0,0,0,0,0,0
D,7,100.0,100.0,0.0,0.0,0.0,0.0,0.0,0.0,0.0,69.08000000000001,71.96000000000002,78.08000000000001,78.98,0,0,0,0,0,0,0,0,0,0,0,0,0,0,0,0,0,0,0,1,0,0,0,0,0,0,0,0,0,0,0,0,0,0,0,0,0,0,0,0,0,0,0,0
D,7,100.0,100.0,0.0,0.0,0.0,0.0,0.0,0.0,0.0,78.08000000000001,78.98,77.0,82.03999999999998,0,0,0,0,0,0,0,0,0,0,0,0,0,0,0,0,0,0,0,1,0,0,0,0,0,0,0,0,0,0,0,0,0,0,0,0,0,0,0,0,0,0,0,0
D,7,100.0,100.0,0.0,0.0,0.0,0.5,0.0,0.0,0.0,64.94,68.0,78.08000000000001,86.0,1,0,0,0,0,0,0,0,0,0,0,0,0,0,0,0,0,0,0,0,0,0,0,0,0,0,0,0,0,0,0,0,0,0,0,0,0,0,0,0,0,0,0,0
D,7,100.0,100.0,0.0,0.0,0.0,0.0,0.0,0.0,0.0,68.0,78.08000000000001,86.0,80.06,0,0,0,0,0,0,0,0,0,0,0,0,0,0,0,0,0,0,0,1,0,0,0,0,0,0,0,0,0,0,0,0,0,0,0,0,0,0,0,0,0,0,0,0
D,7,100.0,100.0,0.0,0.0,0.0,0.0,0.0,0.0,0.0,82.03999999999998,71.96000000000002,80.06,84.02,1,0,0,0,0,0,0,0,0,0,0,0,0,0,0,0,0,0,0,0,0,0,0,0,0,0,0,0,0,0,0,0,0,0,0,0,0,0,0,0,0,0,0,0
D,7,100.0,100.0,0.0,0.0,0.0,0.0,0.0,0.0,0.0,82.94,87.98,89.06,75.92,0,0,0,0,0,0,0,0,0,0,0,0,0,0,0,0,0,0,0,1,0,0,0,0,0,0,0,0,0,0,0,0,0,0,0,0,0,0,0,0,0,0,0,0
D,7,100.0,100.0,0.0,0.0,0.0,0.0,0.0,0.0,0.0,89.06,75.92,80.06,73.03999999999998,0,0,0,0,0,0,0,0,0,0,0,0,0,0,0,0,0,0,0,1,0,0,0,0,0,0,0,0,0,0,0,0,0,0,0,0,0,0,0,0,0,0,0,0
D,7,100.0,100.0,0.0,0.0,0.0,0.0,0.0,0.0,0.0,82.94,87.08000000000001,82.94,84.02,0,0,0,0,0,0,0,1,0,0,0,0,0,0,0,0,0,0,0,0,0,0,0,0,0,0,0,0,0,0,0,0,0,0,0,0,0,0,0,0,0,0,0,0
D,9,100.0,100.0,0.0,0.0,0.0,0.0,0.0,0.0,1.0,68.53999999999999,71.6,75.2,67.1,0,0,0,0,0,0,0,0,0,0,0,0,0,0,0,0,0,0,0,1,0,0,0,0,0,0,0,0,0,0,0,0,0,0,0,0,0,0,0,0,0,0,0,0
D,6,0.0,0.0,0.0,0.0,0.0,0.3,0.0,0.0,0.0,64.4,64.58000000000001,70.16,72.14,0,0,0,0,0,0,0,0,0,0,0,0,0,0,0,0,0,0,0,1,0,0,0,0,0,0,0,0,0,0,0,0,0,0,0,0,0,0,0,0,0,0,0,0
D,6,0.0,0.0,0.0,0.0,0.0,0.0,0.0,0.0,0.0,69.44,69.25999999999999,65.66,66.02,0,0,0,0,0,0,0,0,0,0,0,0,0,0,0,0,0,0,0,1,0,0,0,0,0,0,0,0,0,0,0,0,0,0,0,0,0,0,0,0,0,0,0,0
D,6,0.0,0.0,0.0,0.0,0.0,0.0,0.0,0.0,0.0,73.75999999999998,75.74000000000002,78.80000000000003,80.78,0,0,0,0,0,0,0,0,0,0,0,0,0,0,0,0,0,0,0,0,0,0,0,0,0,0,0,0,0,0,0,0,0,0,0,1,0,0,0,0,0,0,0,0
D,7,0.0,0.0,0.0,0.0,0.0,0.0,0.0,0.0,0.0,86.36,85.46000000000002,82.75999999999998,75.2,1,0,0,0,0,0,0,0,0,0,0,0,0,0,0,0,0,0,0,0,0,0,0,0,0,0,0,0,0,0,0,0,0,0,0,0,0,0,0,0,0,0,0,0
D,9,0.0,0.0,0.0,0.0,0.0,0.0,0.0,0.0,0.0,58.82,64.58000000000001,70.7,75.02,1,0,0,0,0,0,0,0,0,0,0,0,0,0,0,0,0,0,0,0,0,0,0,0,0,0,0,0,0,0,0,0,0,0,0,0,0,0,0,0,0,0,0,0
D,9,51.71,0.0,0.0,0.0,0.0,0.0,0.0,0.0,0.0,60.26,61.88,63.5,66.56,0,0,0,0,0,0,0,0,0,0,0,0,0,0,0,0,0,0,0,1,0,0,0,0,0,0,0,0,0,0,0,0,0,0,0,0,0,0,0,0,0,0,0,0
D,9,51.71,0.0,0.0,0.0,0.0,0.0,0.0,0.0,0.0,61.88,63.5,66.56,66.74000000000001,0,0,0,0,0,0,0,0,0,0,0,0,0,0,0,0,0,0,0,1,0,0,0,0,0,0,0,0,0,0,0,0,0,0,0,0,0,0,0,0,0,0,0,0
D,7,100.0,100.0,0.0,0.0,0.0,0.0,0.0,0.0,0.0,82.22,83.84,86.36,89.06,0,0,0,0,0,0,0,0,0,0,0,0,0,0,0,0,0,0,0,0,0,0,1,0,0,0,0,0,0,0,0,0,0,0,0,0,0,0,0,0,0,0,0,0
D,7,100.0,100.0,2.05,0.0,0.0,0.0,0.0,0.0,0.0,86.18,82.22,80.24000000000002,80.24000000000002,0,0,0,0,0,0,0,0,0,0,0,0,0,0,0,0,0,0,0,0,0,0,0,0,0,0,0,0,0,0,0,0,0,0,0,1,0,0,0,0,0,0,0,0
D,8,100.0,100.0,100.0,0.0,0.0,0.0,0.0,0.0,0.0,78.08000000000001,75.38,76.46000000000002,80.6,0,0,0,0,0,0,0,1,0,0,0,0,0,0,0,0,0,0,0,0,0,0,0,0,0,0,0,0,0,0,0,0,0,0,0,0,0,0,0,0,0,0,0,0
D,9,100.0,100.0,100.0,24.92,0.0,0.0,0.0,0.0,0.0,71.96000000000002,72.32,74.30000000000003,70.34,0,0,0,0,0,0,0,0,0,0,0,0,0,0,0,0,0,0,0,1,0,0,0,0,0,0,0,0,0,0,0,0,0,0,0,0,0,0,0,0,0,0,0,0
D,8,100.0,38.33,0.0,0.0,0.0,0.0,0.0,0.0,0.0,85.1,82.58000000000001,82.4,71.78,0,0,0,0,0,0,0,0,0,0,0,0,0,0,0,0,0,0,0,0,0,0,0,0,0,0,0,0,0,0,0,0,0,0,0,1,0,0,0,0,0,0,0,0
D,7,0.0,0.0,0.0,0.0,0.0,0.0,0.0,0.0,1.0,68.18,74.12,78.80000000000003,75.92,1,0,0,0,0,0,0,0,0,0,0,0,0,0,0,0,0,0,0,0,0,0,0,0,0,0,0,0,0,0,0,0,0,0,0,0,0,0,0,0,0,0,0,0
D,7,100.0,90.38,0.0,0.0,0.0,0.0,0.0,0.0,0.0,68.0,68.0,69.08000000000001,69.98,0,0,0,0,0,0,0,0,0,0,0,0,0,0,0,0,0,0,0,0,0,0,0,0,0,1,0,0,0,0,0,0,0,0,0,0,0,0,0,0,0,0,0,0
D,7,100.0,100.0,0.0,0.0,0.0,0.0,0.0,0.0,0.0,68.0,69.08000000000001,69.98,75.92,0,0,0,0,0,0,0,0,0,0,0,0,0,0,0,0,0,0,0,0,0,0,0,0,0,0,0,0,0,0,0,0,0,1,0,0,0,0,0,0,0,0,0,0
D,7,100.0,100.0,0.0,0.0,0.0,0.0,0.0,0.0,0.3,73.94,71.06,71.96000000000002,73.94,0,0,0,0,0,1,0,0,0,0,0,0,0,0,0,0,0,0,0,0,0,0,0,0,0,0,0,0,0,0,0,0,0,0,0,0,0,0,0,0,0,0,0,0
D,7,100.0,100.0,0.0,0.0,0.0,0.0,0.0,0.0,0.3,73.94,71.06,71.96000000000002,73.94,0,0,0,0,0,1,0,0,0,0,0,0,0,0,0,0,0,0,0,0,0,0,0,0,0,0,0,0,0,0,0,0,0,0,0,0,0,0,0,0,0,0,0,0
D,7,100.0,100.0,0.0,0.0,0.0,0.0,0.0,0.0,0.3,73.94,71.06,71.96000000000002,73.94,0,0,1,0,0,0,0,0,0,0,0,0,0,0,0,0,0,0,0,0,0,0,0,0,0,0,0,0,0,0,0,0,0,0,0,0,0,0,0,0,0,0,0,0
D,7,100.0,100.0,0.0,0.0,0.0,0.0,0.0,0.3,0.0,71.06,71.96000000000002,73.94,75.02,0,0,0,0,0,1,0,0,0,0,0,0,0,0,0,0,0,0,0,0,0,0,0,0,0,0,0,0,0,0,0,0,0,0,0,0,0,0,0,0,0,0,0,0
D,7,100.0,100.0,0.0,0.0,0.0,0.0,0.3,0.0,0.0,71.96000000000002,73.94,75.02,75.02,0,0,1,0,0,0,0,0,0,0,0,0,0,0,0,0,0,0,0,0,0,0,0,0,0,0,0,0,0,0,0,0,0,0,0,0,0,0,0,0,0,0,0,0
D,8,100.0,100.0,0.0,0.0,0.0,0.0,0.0,0.0,0.0,75.92,77.0,78.08000000000001,78.08000000000001,0,0,0,0,0,0,0,0,0,0,0,0,0,0,0,0,0,0,0,0,0,0,0,0,0,0,0,0,0,0,0,0,0,1,0,0,0,0,0,0,0,0,0,0
D,8,100.0,99.81,0.0,0.0,0.0,0.0,0.0,0.0,0.0,77.0,78.08000000000001,78.08000000000001,86.0,0,0,0,0,0,0,0,0,0,1,0,0,0,0,0,0,0,0,0,0,0,0,0,0,0,0,0,0,0,0,0,0,0,0,0,0,0,0,0,0,0,0,0,0
D,8,100.0,100.0,0.0,0.0,0.0,0.0,0.0,0.0,0.0,86.0,80.06,73.94,71.96000000000002,0,0,0,0,0,0,0,0,0,0,0,0,0,0,0,0,0,0,0,0,0,0,0,0,0,0,0,0,0,0,0,0,0,0,0,0,1,0,0,0,0,0,0,0
D,8,100.0,100.0,0.0,0.0,0.0,0.0,0.0,0.0,0.0,73.94,71.96000000000002,73.94,73.94,0,0,0,0,0,1,0,0,0,0,0,0,0,0,0,0,0,0,0,0,0,0,0,0,0,0,0,0,0,0,0,0,0,0,0,0,0,0,0,0,0,0,0,0
D,8,100.0,99.81,0.0,0.0,0.0,0.0,0.0,0.0,0.0,73.94,78.08000000000001,87.08000000000001,71.96000000000002,0,0,0,0,0,0,0,0,0,1,0,0,0,0,0,0,0,0,0,0,0,0,0,0,0,0,0,0,0,0,0,0,0,0,0,0,0,0,0,0,0,0,0,0
D,8,100.0,100.0,14.04,0.0,0.0,0.0,0.0,0.0,0.0,66.92,69.08000000000001,68.0,71.06,0,0,0,0,0,1,0,0,0,0,0,0,0,0,0,0,0,0,0,0,0,0,0,0,0,0,0,0,0,0,0,0,0,0,0,0,0,0,0,0,0,0,0,0
D,8,100.0,100.0,100.0,0.0,0.0,0.0,0.0,0.0,2.3,68.0,64.94,66.02,71.96000000000002,0,0,0,0,0,0,0,0,0,0,0,0,0,0,0,0,0,0,0,0,0,0,0,0,0,0,0,0,0,0,0,0,0,0,0,0,1,0,0,0,0,0,0,0
D,9,100.0,100.0,14.06,0.0,0.0,0.0,0.0,0.0,0.0,62.96,62.96,71.06,68.0,0,0,0,0,0,0,0,0,0,0,0,0,0,0,0,0,0,0,0,0,1,0,0,0,0,0,0,0,0,0,0,0,0,0,0,0,0,0,0,0,0,0,0,0
D,9,100.0,100.0,0.0,0.0,0.0,0.0,0.0,0.0,0.0,55.040000000000006,62.06,57.02,60.08,0,0,0,0,0,0,0,0,0,0,0,1,0,0,0,0,0,0,0,0,0,0,0,0,0,0,0,0,0,0,0,0,0,0,0,0,0,0,0,0,0,0,0,0
D,9,100.0,100.0,100.0,0.0,0.0,0.0,0.0,0.0,0.0,69.08000000000001,71.06,69.98,71.06,0,0,0,0,0,0,0,0,0,0,0,0,0,0,1,0,0,0,0,0,0,0,0,0,0,0,0,0,0,0,0,0,0,0,0,0,0,0,0,0,0,0,0,0
D,8,100.0,100.0,100.0,100.0,0.0,1.3,0.0,0.3,0.0,69.08000000000001,69.08000000000001,73.03999999999998,77.0,0,0,0,0,0,1,0,0,0,0,0,0,0,0,0,0,0,0,0,0,0,0,0,0,0,0,0,0,0,0,0,0,0,0,0,0,0,0,0,0,0,0,0,0
D,8,100.0,100.0,100.0,100.0,0.0,0.0,0.0,0.0,0.0,73.03999999999998,73.94,66.92,73.03999999999998,0,0,0,0,0,0,0,0,0,0,0,0,0,0,0,0,0,0,0,0,0,0,0,0,0,0,0,0,0,0,0,0,0,0,0,0,1,0,0,0,0,0,0,0
D,4,100.0,100.0,100.0,79.9,0.0,0.0,0.0,0.0,0.0,42.98,48.02,53.96,53.96,0,0,0,0,0,0,0,0,0,1,0,0,0,0,0,0,0,0,0,0,0,0,0,0,0,0,0,0,0,0,0,0,0,0,0,0,0,0,0,0,0,0,0,0
D,6,100.0,100.0,100.0,32.9,0.0,0.0,0.0,0.0,0.0,60.98,64.94,66.92,69.08000000000001,0,0,0,0,0,0,0,0,0,1,0,0,0,0,0,0,0,0,0,0,0,0,0,0,0,0,0,0,0,0,0,0,0,0,0,0,0,0,0,0,0,0,0,0
D,7,100.0,100.0,100.0,30.96,0.0,0.0,0.0,0.0,0.0,71.06,69.08000000000001,69.08000000000001,73.03999999999998,0,0,0,0,0,0,0,0,0,1,0,0,0,0,0,0,0,0,0,0,0,0,0,0,0,0,0,0,0,0,0,0,0,0,0,0,0,0,0,0,0,0,0,0
D,8,100.0,100.0,100.0,100.0,100.0,0.0,0.0,0.0,0.0,75.92,-0.03999999999999915,82.03999999999998,73.94,0,0,0,0,0,0,0,0,0,0,0,0,0,0,0,0,0,0,0,0,0,0,0,0,0,1,0,0,0,0,0,0,0,0,0,0,0,0,0,0,0,0,0,0
D,8,100.0,100.0,100.0,100.0,31.41,0.0,0.0,1.0,0.0,80.06,78.08000000000001,82.03999999999998,75.02,0,0,0,0,0,0,0,0,0,1,0,0,0,0,0,0,0,0,0,0,0,0,0,0,0,0,0,0,0,0,0,0,0,0,0,0,0,0,0,0,0,0,0,0
D,7,100.0,100.0,88.18,0.0,0.0,0.0,0.0,0.0,0.0,68.0,73.94,78.08000000000001,75.92,0,0,0,0,0,0,0,0,0,0,0,0,0,0,0,0,0,0,0,0,0,0,0,0,0,1,0,0,0,0,0,0,0,0,0,0,0,0,0,0,0,0,0,0
D,7,0.0,0.0,0.0,0.0,0.0,0.0,0.0,0.3,0.0,81.68,79.88,73.75999999999998,76.28,0,0,0,0,0,1,0,0,0,0,0,0,0,0,0,0,0,0,0,0,0,0,0,0,0,0,0,0,0,0,0,0,0,0,0,0,0,0,0,0,0,0,0,0
D,8,100.0,0.0,0.0,0.0,0.0,0.0,0.0,0.0,0.0,68.18,65.48,67.82,72.32,0,0,0,0,0,1,0,0,0,0,0,0,0,0,0,0,0,0,0,0,0,0,0,0,0,0,0,0,0,0,0,0,0,0,0,0,0,0,0,0,0,0,0,0
D,7,100.0,17.15,0.0,0.0,0.0,0.0,0.0,0.0,0.0,73.4,73.03999999999998,73.58000000000001,78.44,0,0,0,0,0,1,0,0,0,0,0,0,0,0,0,0,0,0,0,0,0,0,0,0,0,0,0,0,0,0,0,0,0,0,0,0,0,0,0,0,0,0,0,0
D,9,0.0,0.0,0.0,0.0,0.0,0.0,0.0,0.3,0.0,55.22,55.22,72.58600682593917,64.03999999999999,0,0,0,0,0,0,0,0,0,0,0,0,0,0,0,0,1,0,0,0,0,0,0,0,0,0,0,0,0,0,0,0,0,0,0,0,0,0,0,0,0,0,0,0
D,6,100.0,100.0,59.5,0.0,0.0,3.8,0.0,0.0,0.0,62.96,59.0,68.0,75.02,0,0,0,0,0,0,0,0,0,0,0,0,0,0,0,0,0,0,0,0,0,0,0,0,0,0,0,0,0,0,0,0,0,0,0,0,0,0,0,1,0,0,0,0
D,6,100.0,80.08,4.96,0.0,0.0,0.0,0.0,0.0,0.0,78.08000000000001,77.0,80.96000000000002,84.02,0,0,0,0,0,0,0,0,0,0,0,0,0,0,0,0,0,0,0,0,0,0,0,0,0,0,0,0,0,0,0,0,0,0,1,0,0,0,0,0,0,0,0,0
D,7,100.0,87.07,6.34,0.0,0.0,0.0,0.0,0.0,0.0,71.06,71.06,78.98,84.02,0,0,0,0,0,0,0,0,0,0,0,0,0,0,0,0,0,0,0,1,0,0,0,0,0,0,0,0,0,0,0,0,0,0,0,0,0,0,0,0,0,0,0,0
D,7,100.0,100.0,6.35,0.0,0.0,0.0,0.0,0.0,1.8,89.06,91.04,93.92,87.98,0,0,0,0,0,0,0,0,0,0,0,0,0,0,0,0,0,0,0,0,0,0,0,0,0,0,0,0,0,0,0,0,0,0,1,0,0,0,0,0,0,0,0,0
D,5,100.0,99.7,89.32,71.88,0.0,0.0,0.0,0.0,0.0,68.0,73.03999999999998,80.06,78.08000000000001,0,0,0,0,0,0,0,0,0,0,0,0,0,0,0,0,0,0,0,0,0,0,0,0,0,0,0,0,0,0,0,0,0,0,1,0,0,0,0,0,0,0,0,0
D,8,100.0,100.0,95.99,37.18,0.0,0.0,0.0,0.0,0.0,78.98,80.06,82.03999999999998,84.92,0,0,0,0,0,0,0,0,0,0,0,0,0,0,0,0,0,0,0,0,0,0,0,0,0,0,0,0,0,0,0,0,0,0,1,0,0,0,0,0,0,0,0,0
D,7,77.88,44.17,0.0,0.0,0.0,0.0,0.0,0.0,0.0,84.02,82.94,87.98,89.06,0,0,0,0,0,0,0,0,0,0,0,0,0,0,0,0,0,0,0,0,0,0,0,0,0,0,0,0,0,0,0,0,0,0,1,0,0,0,0,0,0,0,0,0
D,8,77.88,44.17,0.0,0.0,0.0,0.0,0.0,0.0,0.0,87.08000000000001,82.94,84.02,84.74000000000002,0,0,0,0,0,0,0,0,0,0,0,0,0,0,0,0,0,0,0,0,0,0,0,0,0,0,0,0,0,0,0,0,0,0,1,0,0,0,0,0,0,0,0,0
D,6,0.0,0.0,0.0,0.0,0.0,11.4,1.5,0.0,0.0,64.58000000000001,59.72,61.52,65.48,0,0,0,0,0,0,0,0,0,0,0,0,0,0,0,0,0,0,0,0,0,0,0,0,0,0,0,0,0,0,0,0,0,0,1,0,0,0,0,0,0,0,0,0
D,9,13.48,0.0,0.0,0.0,0.0,0.0,0.0,0.0,0.0,80.42,63.5,58.82,64.58000000000001,0,0,0,0,0,0,0,0,0,0,0,0,0,0,0,0,0,0,0,0,0,0,0,0,0,0,0,0,0,0,0,0,0,0,0,0,0,0,0,1,0,0,0,0
D,9,0.0,0.0,0.0,0.0,0.0,0.0,0.0,0.0,0.0,68.18,69.62,72.32,74.66,0,0,0,0,0,0,0,0,0,0,0,0,0,0,0,0,0,0,0,0,0,0,0,0,0,0,0,0,0,0,0,0,0,0,1,0,0,0,0,0,0,0,0,0
D,6,100.0,0.0,0.0,0.0,0.0,0.0,0.0,0.0,0.0,60.62000000000001,68.9,71.96000000000002,74.48,0,0,0,0,0,0,0,0,0,0,0,0,0,0,0,0,0,0,0,0,0,0,0,0,0,0,0,0,0,0,0,0,0,0,0,0,0,0,0,1,0,0,0,0
D,6,100.0,0.0,0.0,0.0,0.0,0.0,0.0,0.0,0.0,61.34,66.2,75.74000000000002,80.78,0,0,0,0,0,0,0,0,0,0,0,0,0,0,0,0,0,0,0,0,0,0,0,0,0,0,0,0,0,0,0,0,0,0,0,0,0,0,0,1,0,0,0,0
D,7,100.0,100.0,0.0,0.0,0.0,0.0,0.0,0.0,0.0,81.14,82.22,83.84,86.36,0,0,0,0,0,0,0,0,0,0,0,0,0,0,0,0,0,0,0,0,0,0,0,0,0,0,0,0,0,0,0,0,0,0,0,0,0,0,0,1,0,0,0,0
D,8,100.0,100.0,100.0,0.0,0.0,0.0,0.0,0.0,0.0,73.94,64.94,66.02,64.94,0,0,0,0,0,0,0,0,0,0,0,0,0,0,0,0,0,0,0,0,0,0,0,0,0,0,0,0,0,0,0,0,0,0,1,0,0,0,0,0,0,0,0,0
D,8,100.0,100.0,100.0,0.0,0.0,0.0,0.0,0.0,0.0,64.94,64.94,68.0,68.0,0,0,0,0,0,0,0,0,0,0,0,0,0,0,0,0,0,0,0,0,0,0,0,0,0,0,0,0,0,0,0,0,0,0,1,0,0,0,0,0,0,0,0,0
D,10,100.0,100.0,100.0,100.0,27.68,0.0,0.0,0.0,0.0,46.04,53.96,59.0,59.0,0,0,0,0,0,0,0,0,0,0,0,0,0,0,0,0,0,0,0,0,0,0,0,0,0,0,0,0,0,0,0,0,0,0,1,0,0,0,0,0,0,0,0,0
D,7,100.0,100.0,95.99,36.6,0.0,0.0,13.7,0.0,0.0,78.08000000000001,82.03999999999998,75.92,77.0,0,0,0,0,0,0,0,0,0,0,0,0,0,0,0,0,0,0,0,0,0,0,0,0,0,0,0,0,0,0,0,0,0,0,1,0,0,0,0,0,0,0,0,0
D,8,100.0,96.6,34.63,0.0,0.0,0.0,0.0,0.0,0.0,69.98,77.0,80.96000000000002,80.06,1,0,0,0,0,0,0,0,0,0,0,0,0,0,0,0,0,0,0,0,0,0,0,0,0,0,0,0,0,0,0,0,0,0,0,0,0,0,0,0,0,0,0,0
D,7,77.88,44.17,0.0,0.0,0.0,0.0,0.0,0.0,0.0,84.02,82.94,87.98,89.06,0,0,0,0,0,0,0,0,0,0,0,0,0,0,0,0,0,0,0,0,0,0,0,0,0,0,0,0,0,0,0,0,0,0,1,0,0,0,0,0,0,0,0,0
D,8,77.32,44.17,0.0,0.0,0.0,0.0,0.0,0.0,0.0,75.74000000000002,73.22,74.48,80.6,0,0,0,0,0,0,0,0,0,0,0,0,0,0,0,0,0,0,0,0,0,0,0,0,0,0,0,0,0,0,0,0,0,0,1,0,0,0,0,0,0,0,0,0
D,9,68.03,42.3,0.0,0.0,0.0,3.3,0.0,0.0,0.0,55.76,56.66,63.14,68.36,0,0,0,0,0,0,0,0,0,0,0,0,0,0,0,0,0,0,0,0,0,0,0,0,0,0,0,0,0,0,0,0,0,0,1,0,0,0,0,0,0,0,0,0
D,10,0.0,0.0,0.0,0.0,0.0,0.0,0.0,0.0,0.3,65.66,62.96,59.36,63.14,0,0,0,0,0,0,0,0,0,0,0,0,0,0,0,0,0,0,0,0,0,0,0,0,0,0,0,0,0,0,0,0,0,0,1,0,0,0,0,0,0,0,0,0
D,10,100.0,100.0,100.0,100.0,0.0,0.0,0.0,0.0,0.0,68.0,60.08,59.0,62.06,0,0,0,0,0,0,0,0,0,0,0,0,0,0,0,0,0,0,0,0,1,0,0,0,0,0,0,0,0,0,0,0,0,0,0,0,0,0,0,0,0,0,0,0
D,5,100.0,100.0,8.89,0.0,0.0,0.0,0.0,0.0,0.0,51.98,51.98,53.96,64.94,0,0,1,0,0,0,0,0,0,0,0,0,0,0,0,0,0,0,0,0,0,0,0,0,0,0,0,0,0,0,0,0,0,0,0,0,0,0,0,0,0,0,0,0
D,8,100.0,100.0,100.0,0.0,0.0,0.0,0.0,0.0,0.0,73.03999999999998,73.03999999999998,69.98,73.94,0,0,1,0,0,0,0,0,0,0,0,0,0,0,0,0,0,0,0,0,0,0,0,0,0,0,0,0,0,0,0,0,0,0,0,0,0,0,0,0,0,0,0,0
D,7,100.0,100.0,100.0,100.0,100.0,0.0,0.0,0.0,0.0,68.0,64.94,66.02,68.0,0,0,0,0,0,0,0,0,0,0,0,0,0,0,0,0,0,0,0,0,1,0,0,0,0,0,0,0,0,0,0,0,0,0,0,0,0,0,0,0,0,0,0,0
D,7,100.0,100.0,100.0,100.0,14.57,0.0,0.0,0.0,0.0,87.08000000000001,80.96000000000002,80.06,84.92,0,0,0,0,0,0,0,0,0,0,0,0,0,0,0,0,0,0,0,0,0,0,0,0,0,0,0,0,0,0,0,0,0,0,0,0,1,0,0,0,0,0,0,0
D,7,100.0,100.0,100.0,100.0,3.47,0.0,0.0,0.0,0.0,73.03999999999998,73.94,75.92,78.08000000000001,0,0,0,0,0,1,0,0,0,0,0,0,0,0,0,0,0,0,0,0,0,0,0,0,0,0,0,0,0,0,0,0,0,0,0,0,0,0,0,0,0,0,0,0
D,8,100.0,100.0,100.0,100.0,30.21,2.8,3.3,0.0,0.0,78.08000000000001,69.08000000000001,71.06,71.96000000000002,0,0,1,0,0,0,0,0,0,0,0,0,0,0,0,0,0,0,0,0,0,0,0,0,0,0,0,0,0,0,0,0,0,0,0,0,0,0,0,0,0,0,0,0
D,9,100.0,100.0,100.0,26.44,3.01,0.0,0.0,0.0,0.0,51.08,60.08,55.040000000000006,59.0,0,0,0,0,0,0,0,0,0,0,0,0,0,0,1,0,0,0,0,0,0,0,0,0,0,0,0,0,0,0,0,0,0,0,0,0,0,0,0,0,0,0,0,0
D,8,100.0,100.0,0.0,0.0,0.0,0.0,0.0,0.0,0.0,75.56,76.64,75.74000000000002,73.58000000000001,0,0,1,0,0,0,0,0,0,0,0,0,0,0,0,0,0,0,0,0,0,0,0,0,0,0,0,0,0,0,0,0,0,0,0,0,0,0,0,0,0,0,0,0
D,8,100.0,100.0,0.0,0.0,0.0,0.0,0.0,0.0,0.0,66.38,69.98,71.06,69.25999999999999,0,0,0,0,0,1,0,0,0,0,0,0,0,0,0,0,0,0,0,0,0,0,0,0,0,0,0,0,0,0,0,0,0,0,0,0,0,0,0,0,0,0,0,0
D,9,100.0,100.0,0.0,0.0,0.0,0.0,0.0,0.0,0.0,73.94,66.74000000000001,62.42,65.30000000000001,0,0,0,0,0,1,0,0,0,0,0,0,0,0,0,0,0,0,0,0,0,0,0,0,0,0,0,0,0,0,0,0,0,0,0,0,0,0,0,0,0,0,0,0
D,9,100.0,94.72,0.0,0.0,0.0,0.0,0.0,0.0,0.0,62.42,65.30000000000001,67.82,76.46000000000002,0,0,1,0,0,0,0,0,0,0,0,0,0,0,0,0,0,0,0,0,0,0,0,0,0,0,0,0,0,0,0,0,0,0,0,0,0,0,0,0,0,0,0,0
D,9,100.0,100.0,0.0,0.0,0.0,0.0,0.0,0.0,0.0,62.42,65.30000000000001,67.82,76.46000000000002,0,0,0,0,0,1,0,0,0,0,0,0,0,0,0,0,0,0,0,0,0,0,0,0,0,0,0,0,0,0,0,0,0,0,0,0,0,0,0,0,0,0,0,0
D,7,0.0,0.0,0.0,0.0,0.0,2.5,0.0,0.0,4.1,59.36,62.96,64.03999999999999,61.7,0,0,0,0,0,0,0,0,0,0,0,0,0,0,0,0,0,0,0,0,0,0,0,0,0,0,0,0,0,0,0,0,0,0,0,0,0,0,0,0,0,0,0,0
D,8,0.0,0.0,0.0,0.0,0.0,0.0,1.5,0.0,0.0,68.9,67.1,69.62,69.98,0,0,0,0,0,0,0,0,0,0,0,0,0,0,0,0,0,0,0,0,0,0,0,0,0,0,0,0,0,0,0,0,0,1,0,0,0,0,0,0,0,0,0,0
D,8,100.0,0.0,0.0,0.0,0.0,0.0,0.0,0.0,0.0,69.98,73.4,78.80000000000003,80.06,0,0,0,0,0,0,0,0,0,0,0,0,0,0,0,0,0,0,0,0,0,0,0,0,0,0,0,0,0,0,0,0,0,0,0,0,1,0,0,0,0,0,0,0
D,8,100.0,0.0,0.0,0.0,0.0,0.0,0.0,0.0,0.0,69.98,73.4,78.80000000000003,80.06,0,0,0,0,0,0,0,0,0,0,0,0,0,0,0,0,0,0,0,0,0,0,0,0,0,0,0,0,0,0,0,0,0,0,0,0,1,0,0,0,0,0,0,0
D,9,99.99,0.0,0.0,0.0,0.0,0.0,0.0,0.0,0.0,63.68000000000001,65.48,70.52,69.08000000000001,0,0,0,0,0,0,0,0,0,0,0,0,0,0,0,0,0,0,0,0,0,0,0,0,0,0,0,0,0,0,0,0,0,1,0,0,0,0,0,0,0,0,0,0
D,6,100.0,81.19,14.56,0.0,0.0,0.0,0.0,0.0,0.0,69.62,70.88,62.42,60.98,0,0,0,0,0,0,0,0,0,0,0,0,0,0,1,0,0,0,0,0,0,0,0,0,0,0,0,0,0,0,0,0,0,0,0,0,0,0,0,0,0,0,0,0
D,7,100.0,100.0,0.0,0.0,0.0,0.0,0.0,0.0,0.0,78.80000000000003,78.44,76.64,76.28,0,0,0,0,0,0,0,0,0,0,0,0,0,0,0,0,0,0,0,0,0,0,0,0,0,0,0,0,0,0,0,0,0,1,0,0,0,0,0,0,0,0,0,0
D,8,100.0,100.0,100.0,0.0,0.0,0.0,0.0,0.0,0.0,64.75999999999999,68.53999999999999,71.96000000000002,72.32,0,0,0,0,0,0,0,0,0,0,0,0,0,0,0,0,0,0,0,0,0,0,0,0,0,0,0,0,0,0,0,0,0,0,0,0,1,0,0,0,0,0,0,0
D,9,100.0,100.0,100.0,0.0,0.0,0.0,0.0,0.0,0.0,53.96,53.78,57.56,63.86,0,0,1,0,0,0,0,0,0,0,0,0,0,0,0,0,0,0,0,0,0,0,0,0,0,0,0,0,0,0,0,0,0,0,0,0,0,0,0,0,0,0,0,0
D,4,100.0,84.23,0.0,0.0,0.0,0.3,0.0,0.0,0.0,36.14,36.5,44.42,50.18,0,0,1,0,0,0,0,0,0,0,0,0,0,0,0,0,0,0,0,0,0,0,0,0,0,0,0,0,0,0,0,0,0,0,0,0,0,0,0,0,0,0,0,0
D,7,100.0,100.0,0.0,0.0,0.0,0.0,0.0,0.0,0.0,71.96000000000002,71.06,71.96000000000002,77.36,0,0,0,0,0,1,0,0,0,0,0,0,0,0,0,0,0,0,0,0,0,0,0,0,0,0,0,0,0,0,0,0,0,0,0,0,0,0,0,0,0,0,0,0
D,7,0.0,0.0,0.0,0.0,0.0,0.0,0.0,0.0,0.0,65.48,66.92,65.48,63.31999999999999,0,0,0,0,0,0,0,0,0,0,0,0,0,0,0,0,0,0,0,0,0,0,0,0,0,0,0,0,0,0,0,0,0,0,0,0,0,0,0,0,0,0,0,0
D,8,0.0,0.0,0.0,0.0,0.0,0.0,0.0,0.0,0.0,73.22,73.94,70.16,69.44,0,0,0,0,0,0,0,0,0,0,0,0,0,0,0,0,0,0,0,0,0,0,0,0,0,0,0,0,0,0,0,0,0,1,0,0,0,0,0,0,0,0,0,0
D,9,0.0,0.0,0.0,0.0,0.0,0.0,0.0,0.0,0.0,56.66,58.46,62.96,63.31999999999999,0,0,0,0,0,0,0,0,0,0,0,0,0,0,1,0,0,0,0,0,0,0,0,0,0,0,0,0,0,0,0,0,0,0,0,0,0,0,0,0,0,0,0,0
D,9,0.0,0.0,0.0,0.0,0.0,0.0,0.0,0.0,0.0,68.53999999999999,61.88,52.16,54.32,0,0,0,0,0,0,0,0,0,0,0,0,0,0,1,0,0,0,0,0,0,0,0,0,0,0,0,0,0,0,0,0,0,0,0,0,0,0,0,0,0,0,0,0
D,7,100.0,0.0,0.0,0.0,0.0,0.0,10.9,0.0,0.0,62.96,57.92,59.0,60.08,0,0,0,0,0,0,0,0,0,0,0,0,0,0,0,0,0,0,0,0,0,0,0,0,0,0,0,1,0,0,0,0,0,0,0,0,0,0,0,0,0,0,0,0
D,8,100.0,100.0,100.0,0.0,0.0,0.0,0.0,0.0,0.0,62.96,68.0,64.94,69.98,0,0,0,0,0,0,0,0,0,0,0,0,0,0,0,0,0,0,0,0,0,0,0,0,0,0,0,1,0,0,0,0,0,0,0,0,0,0,0,0,0,0,0,0
D,6,100.0,100.0,100.0,14.3,0.0,0.8,0.0,0.0,0.0,64.03999999999999,66.02,71.06,75.02,0,0,0,0,0,0,0,0,0,0,0,0,0,0,0,0,0,0,0,0,0,0,0,0,0,0,0,0,0,1,0,0,0,0,0,0,0,0,0,0,0,0,0,0
D,10,100.0,100.0,100.0,94.99,0.0,0.0,0.0,0.0,0.0,53.96,55.94,55.94,55.94,0,0,0,0,0,0,1,0,0,0,0,0,0,0,0,0,0,0,0,0,0,0,0,0,0,0,0,0,0,0,0,0,0,0,0,0,0,0,0,0,0,0,0,0
D,7,100.0,100.0,0.0,0.0,0.0,0.0,0.0,0.0,0.0,78.08000000000001,78.98,77.0,82.03999999999998,0,0,0,0,0,0,0,0,0,0,0,0,0,0,0,0,0,0,0,1,0,0,0,0,0,0,0,0,0,0,0,0,0,0,0,0,0,0,0,0,0,0,0,0
D,7,100.0,100.0,0.0,0.0,0.0,0.0,0.0,0.0,0.0,68.0,78.08000000000001,86.0,80.06,0,0,0,0,0,0,0,0,0,0,0,0,0,0,0,0,0,0,0,0,0,0,0,1,0,0,0,0,0,0,0,0,0,0,0,0,0,0,0,0,0,0,0,0
D,9,100.0,100.0,0.0,0.0,0.0,0.0,0.0,0.0,0.0,62.6,57.92,62.06,68.53999999999999,0,0,0,0,0,0,0,0,0,0,0,0,1,0,0,0,0,0,0,0,0,0,0,0,0,0,0,0,0,0,0,0,0,0,0,0,0,0,0,0,0,0,0,0
D,10,100.0,100.0,0.0,0.0,0.0,3.0,0.0,0.0,0.0,40.82,40.1,41.18,48.56,0,0,0,0,0,0,1,0,0,0,0,0,0,0,0,0,0,0,0,0,0,0,0,0,0,0,0,0,0,0,0,0,0,0,0,0,0,0,0,0,0,0,0,0
D,6,0.0,0.0,0.0,0.0,0.0,1.5,0.0,0.0,0.0,59.72,61.52,65.48,66.92,0,0,0,0,0,0,0,0,0,0,0,0,0,0,0,0,0,0,0,0,0,0,0,1,0,0,0,0,0,0,0,0,0,0,0,0,0,0,0,0,0,0,0,0
D,8,0.0,0.0,0.0,0.0,0.0,0.0,1.5,0.0,1.5,68.9,67.28,68.9,67.1,0,0,0,0,0,0,1,0,0,0,0,0,0,0,0,0,0,0,0,0,0,0,0,0,0,0,0,0,0,0,0,0,0,0,0,0,0,0,0,0,0,0,0,0
D,8,100.0,0.0,0.0,0.0,0.0,0.0,0.0,0.0,0.0,69.98,73.4,78.80000000000003,80.06,0,0,0,0,0,0,0,0,0,0,0,0,0,0,0,0,0,0,0,0,0,0,0,0,0,0,0,0,0,0,0,1,0,0,0,0,0,0,0,0,0,0,0,0
D,8,100.0,0.0,0.0,0.0,0.0,0.0,0.0,0.0,0.0,68.18,65.48,67.82,72.32,0,0,0,0,0,0,0,0,0,0,0,0,0,0,0,0,0,0,0,0,0,0,0,0,0,0,0,0,0,0,0,1,0,0,0,0,0,0,0,0,0,0,0,0
D,8,100.0,0.0,0.0,0.0,0.0,0.0,0.0,0.0,0.0,68.0,62.42,65.30000000000001,68.0,0,0,0,0,0,0,0,0,0,0,0,0,0,0,0,0,0,0,0,0,0,0,0,0,0,0,0,0,0,0,0,1,0,0,0,0,0,0,0,0,0,0,0,0
D,8,3.91,0.0,0.0,0.0,0.0,0.0,0.0,0.0,0.0,79.7,75.2,68.53999999999999,69.80000000000001,0,0,0,0,0,0,0,0,0,0,0,0,0,0,0,0,0,0,0,0,0,0,0,1,0,0,0,0,0,0,0,0,0,0,0,0,0,0,0,0,0,0,0,0
D,9,99.32,0.0,0.0,0.0,0.0,0.0,0.0,0.0,0.0,65.48,70.52,69.08000000000001,66.2,0,0,0,0,0,0,0,0,0,0,0,0,0,0,0,0,0,0,0,0,0,0,0,0,0,0,0,0,0,1,0,0,0,0,0,0,0,0,0,0,0,0,0,0
D,6,100.0,12.63,0.0,0.0,0.0,0.0,0.0,0.0,0.0,61.34,66.2,75.74000000000002,80.78,0,0,0,0,0,0,0,0,0,0,0,0,0,0,0,0,0,0,0,0,0,0,0,1,0,0,0,0,0,0,0,0,0,0,0,0,0,0,0,0,0,0,0,0
D,6,100.0,12.63,0.0,0.0,0.0,0.0,0.0,0.0,0.0,62.78,69.44,78.25999999999998,82.4,0,0,0,0,0,0,0,0,0,0,0,0,0,0,0,0,0,0,0,0,0,0,0,1,0,0,0,0,0,0,0,0,0,0,0,0,0,0,0,0,0,0,0,0
D,7,100.0,100.0,17.99,0.0,0.0,0.0,0.0,0.0,5.8,76.28,75.74000000000002,80.06,74.30000000000003,0,0,0,0,0,0,1,0,0,0,0,0,0,0,0,0,0,0,0,0,0,0,0,0,0,0,0,0,0,0,0,0,0,0,0,0,0,0,0,0,0,0,0,0
D,8,100.0,100.0,75.91,0.0,0.0,0.0,0.0,0.0,0.0,79.88,80.24000000000002,82.75999999999998,80.78,0,0,0,0,0,0,0,0,0,0,0,0,1,0,0,0,0,0,0,0,0,0,0,0,0,0,0,0,0,0,0,0,0,0,0,0,0,0,0,0,0,0,0,0
D,8,100.0,100.0,100.0,9.42,0.0,0.0,0.0,0.5,3.3,77.9,80.42,76.64,72.35869338848896,0,0,0,0,0,0,1,0,0,0,0,0,0,0,0,0,0,0,0,0,0,0,0,0,0,0,0,0,0,0,0,0,0,0,0,0,0,0,0,0,0,0,0,0
D,7,100.0,78.67,0.0,0.0,0.0,1.5,0.0,0.0,0.0,80.6,80.78,86.72,82.94,0,0,0,0,0,0,0,0,0,0,0,0,0,0,0,0,0,0,0,1,0,0,0,0,0,0,0,0,0,0,0,0,0,0,0,0,0,0,0,0,0,0,0,0
D,9,100.0,100.0,0.0,0.0,0.0,0.0,0.0,3.8,0.0,66.56,72.32,64.4,51.44,0,0,0,0,0,0,0,0,0,0,0,0,0,0,0,0,0,0,0,0,0,0,0,0,0,0,0,0,0,1,0,0,0,0,0,0,0,0,0,0,0,0,0,0
D,10,100.0,100.0,0.0,0.0,0.0,0.0,0.0,0.0,0.0,43.88,44.78,45.5,50.18,0,0,0,0,0,0,0,0,0,0,0,0,0,0,0,0,0,0,0,0,0,0,0,1,0,0,0,0,0,0,0,0,0,0,0,0,0,0,0,0,0,0,0,0
D,4,0.0,0.0,0.0,0.0,0.0,0.0,0.0,0.0,0.0,48.02,50.0,48.92,57.02,0,0,0,0,0,0,0,0,0,0,0,0,0,0,0,1,0,0,0,0,0,0,0,0,0,0,0,0,0,0,0,0,0,0,0,0,0,0,0,0,0,0,0,0
D,6,0.0,0.0,0.0,0.0,0.0,0.0,0.0,0.0,0.0,62.96,69.98,69.08000000000001,62.06,0,0,0,0,0,0,0,0,0,0,0,0,0,0,0,0,0,0,0,0,0,0,0,1,0,0,0,0,0,0,0,0,0,0,0,0,0,0,0,0,0,0,0,0
D,7,100.0,75.9,0.0,0.0,0.0,0.0,0.0,0.0,0.3,73.94,71.06,71.96000000000002,73.94,0,0,0,0,0,0,0,0,0,0,0,0,0,0,0,1,0,0,0,0,0,0,0,0,0,0,0,0,0,0,0,0,0,0,0,0,0,0,0,0,0,0,0,0
D,8,100.0,36.41,0.0,0.0,0.0,0.0,0.0,0.0,0.0,78.08000000000001,78.08000000000001,86.0,80.06,0,0,0,0,0,0,0,0,0,0,0,0,0,0,0,0,0,0,0,0,0,0,0,0,0,0,0,0,0,0,0,0,0,0,0,0,0,0,0,1,0,0,0,0
D,8,100.0,100.0,4.43,0.0,0.0,0.0,0.0,0.0,0.0,64.03999999999999,68.0,64.94,66.02,0,0,0,0,0,0,0,0,0,0,0,0,0,0,0,0,0,0,0,0,0,0,0,0,0,0,0,0,0,0,0,0,0,0,0,0,0,0,0,1,0,0,0,0
D,9,100.0,100.0,13.12,0.0,0.0,0.0,0.0,0.0,0.0,69.08000000000001,69.08000000000001,71.06,69.98,0,0,0,0,0,0,1,0,0,0,0,0,0,0,0,0,0,0,0,0,0,0,0,0,0,0,0,0,0,0,0,0,0,0,0,0,0,0,0,0,0,0,0,0
D,5,100.0,100.0,100.0,0.0,0.0,0.0,0.0,0.0,0.0,69.98,77.0,78.98,75.92,0,0,0,0,0,0,0,0,0,0,0,0,0,0,0,0,0,0,0,0,0,0,0,1,0,0,0,0,0,0,0,0,0,0,0,0,0,0,0,0,0,0,0,0
D,6,100.0,100.0,69.62,0.0,0.0,0.0,0.0,0.0,0.0,55.94,60.98,66.92,71.96000000000002,0,0,0,0,0,0,0,0,0,0,0,0,0,0,0,1,0,0,0,0,0,0,0,0,0,0,0,0,0,0,0,0,0,0,0,0,0,0,0,0,0,0,0,0
D,6,100.0,100.0,100.0,0.0,0.0,0.0,0.0,0.0,0.0,60.98,66.92,71.96000000000002,73.03999999999998,0,0,0,0,0,0,0,0,0,0,0,0,0,0,0,0,0,0,0,0,0,0,0,0,0,0,0,0,0,1,0,0,0,0,0,0,0,0,0,0,0,0,0,0
D,7,100.0,100.0,100.0,0.0,0.0,0.0,0.0,0.0,0.0,71.06,71.96000000000002,73.94,73.94,0,0,0,0,0,0,0,0,0,0,0,0,0,0,0,1,0,0,0,0,0,0,0,0,0,0,0,0,0,0,0,0,0,0,0,0,0,0,0,0,0,0,0,0
D,7,100.0,100.0,100.0,0.0,0.0,0.0,0.0,0.0,0.0,71.96000000000002,73.94,73.94,75.92,0,0,0,0,0,0,0,0,0,0,0,0,0,0,0,1,0,0,0,0,0,0,0,0,0,0,0,0,0,0,0,0,0,0,0,0,0,0,0,0,0,0,0,0
D,7,100.0,100.0,100.0,0.0,0.0,0.0,0.0,0.0,0.0,73.94,73.94,75.92,78.08000000000001,0,0,0,0,0,0,0,0,0,0,0,0,0,0,0,1,0,0,0,0,0,0,0,0,0,0,0,0,0,0,0,0,0,0,0,0,0,0,0,0,0,0,0,0
D,7,100.0,100.0,100.0,0.0,0.0,0.0,0.0,0.0,0.0,71.06,69.08000000000001,71.06,73.94,0,0,0,0,0,0,0,0,0,0,0,0,0,0,0,0,0,0,0,0,0,0,0,0,0,0,0,0,0,1,0,0,0,0,0,0,0,0,0,0,0,0,0,0
D,7,100.0,100.0,100.0,0.0,0.0,0.0,0.0,0.0,0.0,69.08000000000001,71.06,73.94,71.06,0,0,0,0,0,0,0,0,0,0,0,0,0,0,0,1,0,0,0,0,0,0,0,0,0,0,0,0,0,0,0,0,0,0,0,0,0,0,0,0,0,0,0,0
D,8,100.0,100.0,100.0,100.0,0.0,0.0,0.0,0.0,0.0,64.94,73.03999999999998,73.03999999999998,80.06,0,0,0,0,0,0,0,0,0,0,0,0,0,0,0,0,0,0,0,0,0,0,0,0,0,0,0,0,0,1,0,0,0,0,0,0,0,0,0,0,0,0,0,0
D,8,100.0,100.0,100.0,100.0,0.0,0.0,0.0,0.0,0.0,64.94,73.03999999999998,73.03999999999998,80.06,0,0,0,0,0,0,0,0,0,0,0,0,0,0,0,1,0,0,0,0,0,0,0,0,0,0,0,0,0,0,0,0,0,0,0,0,0,0,0,0,0,0,0,0
D,9,100.0,100.0,100.0,100.0,0.0,0.0,0.0,0.0,0.0,71.96000000000002,71.96000000000002,69.98,71.96000000000002,0,0,0,0,0,0,0,0,0,0,0,0,0,0,0,1,0,0,0,0,0,0,0,0,0,0,0,0,0,0,0,0,0,0,0,0,0,0,0,0,0,0,0,0
D,9,100.0,100.0,100.0,100.0,0.0,0.0,0.0,0.0,0.0,60.98,60.98,60.08,62.06,0,0,0,0,0,0,0,0,0,0,0,0,0,0,0,0,0,0,0,0,0,0,0,0,0,0,0,0,0,0,0,0,0,0,0,0,1,0,0,0,0,0,0,0
D,7,100.0,100.0,100.0,0.0,0.0,0.0,0.0,0.0,0.0,73.94,75.92,78.08000000000001,80.06,1,0,0,0,0,0,0,0,0,0,0,0,0,0,0,0,0,0,0,0,0,0,0,0,0,0,0,0,0,0,0,0,0,0,0,0,0,0,0,0,0,0,0,0
D,8,100.0,100.0,100.0,0.0,0.0,0.0,0.0,0.0,0.0,82.03999999999998,84.02,86.0,84.02,1,0,0,0,0,0,0,0,0,0,0,0,0,0,0,0,0,0,0,0,0,0,0,0,0,0,0,0,0,0,0,0,0,0,0,0,0,0,0,0,0,0,0,0
D,8,100.0,100.0,100.0,0.0,0.0,0.0,0.0,0.0,0.0,82.03999999999998,84.02,86.0,84.02,1,0,0,0,0,0,0,0,0,0,0,0,0,0,0,0,0,0,0,0,0,0,0,0,0,0,0,0,0,0,0,0,0,0,0,0,0,0,0,0,0,0,0,0
D,8,100.0,100.0,100.0,0.0,0.0,0.0,0.0,0.0,0.0,82.03999999999998,84.02,86.0,84.02,1,0,0,0,0,0,0,0,0,0,0,0,0,0,0,0,0,0,0,0,0,0,0,0,0,0,0,0,0,0,0,0,0,0,0,0,0,0,0,0,0,0,0,0
D,8,100.0,100.0,100.0,0.0,0.0,0.0,0.0,0.0,0.0,67.28,68.9,68.72,72.14,1,0,0,0,0,0,0,0,0,0,0,0,0,0,0,0,0,0,0,0,0,0,0,0,0,0,0,0,0,0,0,0,0,0,0,0,0,0,0,0,0,0,0,0
D,8,100.0,100.0,100.0,0.0,0.0,0.0,0.0,0.0,0.0,77.9,74.30000000000003,68.9,69.08000000000001,1,0,0,0,0,0,0,0,0,0,0,0,0,0,0,0,0,0,0,0,0,0,0,0,0,0,0,0,0,0,0,0,0,0,0,0,0,0,0,0,0,0,0,0
D,8,100.0,100.0,100.0,0.0,0.0,0.0,0.0,0.0,0.0,74.30000000000003,68.9,69.08000000000001,75.74000000000002,1,0,0,0,0,0,0,0,0,0,0,0,0,0,0,0,0,0,0,0,0,0,0,0,0,0,0,0,0,0,0,0,0,0,0,0,0,0,0,0,0,0,0,0
D,7,17.97,0.0,0.0,0.0,0.0,0.0,0.0,0.3,8.4,70.7,74.66,72.14,72.35869338848896,0,0,0,0,0,0,0,0,0,0,0,0,0,0,0,0,0,0,0,0,0,0,0,0,1,0,0,0,0,0,0,0,0,0,0,0,0,0,0,0,0,0,0,0
D,8,0.0,0.0,0.0,0.0,0.0,0.0,0.0,0.0,0.3,63.5,71.06,78.80000000000003,85.64,0,0,0,0,0,0,0,1,0,0,0,0,0,0,0,0,0,0,0,0,0,0,0,0,0,0,0,0,0,0,0,0,0,0,0,0,0,0,0,0,0,0,0,0
D,8,0.0,0.0,0.0,0.0,0.0,0.0,0.0,0.0,0.3,63.5,71.06,78.80000000000003,85.64,0,0,0,0,0,0,0,0,0,0,0,0,0,0,0,0,0,0,0,0,0,0,1,0,0,0,0,0,0,0,0,0,0,0,0,0,0,0,0,0,0,0,0,0
D,8,0.0,0.0,0.0,0.0,0.0,0.0,0.0,2.8,0.0,68.9,68.53999999999999,72.58600682593917,72.35869338848896,0,0,0,0,0,0,0,0,0,0,0,0,0,0,0,0,0,0,0,0,0,0,0,0,0,0,0,1,0,0,0,0,0,0,0,0,0,0,0,0,0,0,0,0
D,7,81.3,0.0,0.0,0.0,0.0,0.0,0.0,0.3,8.4,70.7,74.66,72.14,72.35869338848896,0,0,0,0,0,0,0,0,0,0,0,0,0,0,0,0,0,0,0,0,0,0,0,0,0,0,0,0,0,0,0,0,0,0,0,0,0,1,0,0,0,0,0,0
D,8,0.0,0.0,0.0,0.0,0.0,0.0,0.0,0.0,0.0,77.18,78.80000000000003,79.88,81.32,0,0,0,0,0,0,0,0,0,0,0,0,0,0,0,0,0,0,0,0,0,0,0,0,0,0,0,0,0,0,0,0,0,0,0,0,0,1,0,0,0,0,0,0
D,8,0.0,0.0,0.0,0.0,0.0,0.0,0.0,0.0,4.3,70.52,71.78,70.88,67.28,0,0,0,0,0,0,0,0,0,0,0,0,0,0,0,0,0,0,0,0,0,0,0,0,1,0,0,0,0,0,0,0,0,0,0,0,0,0,0,0,0,0,0,0
D,8,0.0,0.0,0.0,0.0,0.0,0.0,0.0,0.0,0.0,65.84,70.88,77.72,75.92,0,0,0,0,0,0,0,0,0,0,0,0,0,0,0,0,0,0,0,0,0,0,0,0,1,0,0,0,0,0,0,0,0,0,0,0,0,0,0,0,0,0,0,0
D,6,0.0,0.0,0.0,0.0,0.0,0.0,0.0,0.5,0.0,76.1,73.94,71.24000000000002,71.06,0,0,0,0,0,0,0,0,0,0,0,0,0,0,0,0,0,0,0,1,0,0,0,0,0,0,0,0,0,0,0,0,0,0,0,0,0,0,0,0,0,0,0,0
D,6,0.0,0.0,0.0,0.0,0.0,0.5,0.0,0.0,0.0,71.24000000000002,71.06,73.75999999999998,80.24000000000002,0,0,0,0,0,0,0,0,0,0,0,0,0,0,0,0,0,0,0,1,0,0,0,0,0,0,0,0,0,0,0,0,0,0,0,0,0,0,0,0,0,0,0,0
D,7,0.0,0.0,0.0,0.0,0.0,0.0,0.0,0.0,0.0,79.52,69.62,66.38,76.82,1,0,0,0,0,0,0,0,0,0,0,0,0,0,0,0,0,0,0,0,0,0,0,0,0,0,0,0,0,0,0,0,0,0,0,0,0,0,0,0,0,0,0,0
D,7,0.0,0.0,0.0,0.0,0.0,0.0,0.0,0.0,0.0,79.52,69.62,66.38,76.82,1,0,0,0,0,0,0,0,0,0,0,0,0,0,0,0,0,0,0,0,0,0,0,0,0,0,0,0,0,0,0,0,0,0,0,0,0,0,0,0,0,0,0,0
D,6,0.59,0.0,0.0,0.0,0.0,0.0,0.0,0.0,0.0,71.06,73.75999999999998,80.24000000000002,77.18,0,0,0,0,0,0,0,0,0,0,0,0,0,0,0,0,0,0,0,0,0,0,0,0,0,0,0,0,0,0,0,0,0,0,1,0,0,0,0,0,0,0,0,0
D,7,0.59,0.0,0.0,0.0,0.0,0.0,0.0,0.0,0.0,82.58000000000001,82.58000000000001,79.52,69.62,0,0,0,0,0,0,0,0,0,0,0,0,0,0,0,0,0,0,0,0,0,0,0,0,0,0,0,0,0,0,0,0,0,0,1,0,0,0,0,0,0,0,0,0
D,7,0.0,0.0,0.0,0.0,0.0,0.0,0.0,1.0,0.3,72.5,74.66,72.86,73.22,0,0,0,0,0,0,0,0,0,0,0,0,0,0,0,0,0,0,0,0,0,0,0,0,0,0,0,0,0,0,0,1,0,0,0,0,0,0,0,0,0,0,0,0
D,8,0.0,0.0,0.0,0.0,0.0,0.0,0.0,0.0,0.0,63.5,66.92,68.9,70.88,0,0,0,0,0,0,0,0,0,0,0,0,0,0,0,1,0,0,0,0,0,0,0,0,0,0,0,0,0,0,0,0,0,0,0,0,0,0,0,0,0,0,0,0
D,8,0.0,0.0,0.0,0.0,0.0,0.0,0.0,0.0,0.0,81.32,71.24000000000002,63.5,71.06,1,0,0,0,0,0,0,0,0,0,0,0,0,0,0,0,0,0,0,0,0,0,0,0,0,0,0,0,0,0,0,0,0,0,0,0,0,0,0,0,0,0,0,0
D,9,0.0,0.0,0.0,0.0,0.0,0.0,0.0,0.0,0.0,62.78,60.62000000000001,60.8,65.48,0,0,0,0,0,0,0,0,0,0,0,0,0,0,0,0,0,0,0,1,0,0,0,0,0,0,0,0,0,0,0,0,0,0,0,0,0,0,0,0,0,0,0,0
D,10,100.0,0.0,0.0,0.0,0.0,0.8,0.0,0.0,0.0,55.40000000000001,48.74,56.12000000000001,59.18,1,0,0,0,0,0,0,0,0,0,0,0,0,0,0,0,0,0,0,0,0,0,0,0,0,0,0,0,0,0,0,0,0,0,0,0,0,0,0,0,0,0,0,0
D,9,4.26,0.0,0.0,0.0,0.0,0.0,0.0,0.0,0.0,67.28,59.72,51.26,58.46,0,0,0,0,0,1,0,0,0,0,0,0,0,0,0,0,0,0,0,0,0,0,0,0,0,0,0,0,0,0,0,0,0,0,0,0,0,0,0,0,0,0,0,0
D,10,90.51,0.0,0.0,0.0,0.0,0.2,0.0,5.4,4.6,48.38,47.84,72.58600682593917,72.35869338848896,0,0,0,0,0,0,0,0,0,0,0,0,0,0,0,0,0,0,0,0,0,1,0,0,0,0,0,0,0,0,0,0,0,0,0,0,0,0,0,0,0,0,0,0
D,6,0.0,0.0,0.0,0.0,0.0,0.0,0.0,0.0,0.0,71.06,73.75999999999998,80.24000000000002,77.18,0,0,0,0,0,0,0,0,0,0,0,0,0,0,0,0,0,0,0,1,0,0,0,0,0,0,0,0,0,0,0,0,0,0,0,0,0,0,0,0,0,0,0,0
D,8,2.85,0.0,0.0,0.0,0.0,0.0,0.0,0.0,1.8,81.68,78.25999999999998,75.56,77.36,0,0,0,0,0,0,0,0,0,0,0,0,0,0,0,0,0,0,0,0,0,0,0,0,0,0,0,0,0,0,0,0,0,0,1,0,0,0,0,0,0,0,0,0
D,7,4.26,0.0,0.0,0.0,0.0,1.0,0.3,0.0,0.3,72.86,73.22,71.42,71.96000000000002,0,0,0,0,0,1,0,0,0,0,0,0,0,0,0,0,0,0,0,0,0,0,0,0,0,0,0,0,0,0,0,0,0,0,0,0,0,0,0,0,0,0,0,0
D,7,0.0,0.0,0.0,0.0,0.0,0.0,0.0,0.0,0.0,78.08000000000001,77.72,75.38,76.46000000000002,0,0,0,0,0,0,0,0,0,0,0,0,0,0,0,0,0,0,0,0,0,0,0,1,0,0,0,0,0,0,0,0,0,0,0,0,0,0,0,0,0,0,0,0
D,7,0.0,0.0,0.0,0.0,0.0,0.0,0.8,0.0,1.0,83.48,83.48,80.96000000000002,79.34,0,0,0,0,0,0,0,0,0,0,0,0,1,0,0,0,0,0,0,0,0,0,0,0,0,0,0,0,0,0,0,0,0,0,0,0,0,0,0,0,0,0,0,0
D,8,0.0,0.0,0.0,0.0,0.0,0.3,0.0,0.0,0.3,75.92,72.86,76.46000000000002,73.94,0,0,0,0,0,0,1,0,0,0,0,0,0,0,0,0,0,0,0,0,0,0,0,0,0,0,0,0,0,0,0,0,0,0,0,0,0,0,0,0,0,0,0,0
D,6,0.0,0.0,0.0,0.0,0.0,0.0,3.6,0.0,0.0,63.31999999999999,59.72,61.7,65.84,1,0,0,0,0,0,0,0,0,0,0,0,0,0,0,0,0,0,0,0,0,0,0,0,0,0,0,0,0,0,0,0,0,0,0,0,0,0,0,0,0,0,0,0
D,7,0.0,0.0,0.0,0.0,0.0,0.0,0.0,0.3,0.0,70.16,72.32,75.56,78.62,1,0,0,0,0,0,0,0,0,0,0,0,0,0,0,0,0,0,0,0,0,0,0,0,0,0,0,0,0,0,0,0,0,0,0,0,0,0,0,0,0,0,0,0
D,7,0.0,0.0,0.0,0.0,0.0,0.0,0.0,0.0,0.0,79.52,74.30000000000003,68.53999999999999,73.75999999999998,1,0,0,0,0,0,0,0,0,0,0,0,0,0,0,0,0,0,0,0,0,0,0,0,0,0,0,0,0,0,0,0,0,0,0,0,0,0,0,0,0,0,0,0
D,6,0.0,0.0,0.0,0.0,0.0,0.3,0.0,0.0,0.0,79.16,76.28,64.75999999999999,64.03999999999999,1,0,0,0,0,0,0,0,0,0,0,0,0,0,0,0,0,0,0,0,0,0,0,0,0,0,0,0,0,0,0,0,0,0,0,0,0,0,0,0,0,0,0,0
D,7,0.0,0.0,0.0,0.0,0.0,0.0,0.0,0.0,0.0,84.2,72.86,72.5,72.35869338848896,1,0,0,0,0,0,0,0,0,0,0,0,0,0,0,0,0,0,0,0,0,0,0,0,0,0,0,0,0,0,0,0,0,0,0,0,0,0,0,0,0,0,0,0
D,7,0.0,0.0,0.0,0.0,0.0,0.0,0.0,0.0,0.0,68.18,72.14,77.9,75.02,0,0,0,0,0,0,0,0,0,0,0,0,0,0,0,1,0,0,0,0,0,0,0,0,0,0,0,0,0,0,0,0,0,0,0,0,0,0,0,0,0,0,0,0
D,8,0.0,0.0,0.0,0.0,0.0,0.0,1.3,0.0,0.0,76.28,76.64,74.12,72.35869338848896,0,0,0,0,0,0,0,0,0,0,0,0,0,0,0,0,0,0,0,0,0,0,0,0,0,0,0,0,0,0,0,0,0,0,0,0,0,0,0,1,0,0,0,0
D,7,0.0,0.0,0.0,0.0,0.0,0.0,0.0,0.0,0.0,78.25999999999998,76.64,78.08000000000001,80.06,0,0,0,0,0,0,0,0,0,0,0,0,0,0,0,0,0,0,0,1,0,0,0,0,0,0,0,0,0,0,0,0,0,0,0,0,0,0,0,0,0,0,0,0
D,7,0.0,0.0,0.0,0.0,0.0,0.0,0.0,0.0,0.0,78.25999999999998,76.64,78.08000000000001,80.06,0,0,0,0,0,0,0,0,0,0,0,0,0,0,0,0,0,0,0,1,0,0,0,0,0,0,0,0,0,0,0,0,0,0,0,0,0,0,0,0,0,0,0,0
D,7,0.0,0.0,0.0,0.0,0.0,0.0,0.0,0.0,0.0,75.02,78.08000000000001,78.44,73.03999999999998,1,0,0,0,0,0,0,0,0,0,0,0,0,0,0,0,0,0,0,0,0,0,0,0,0,0,0,0,0,0,0,0,0,0,0,0,0,0,0,0,0,0,0,0
D,7,0.0,0.0,0.0,0.0,0.0,0.0,0.0,0.0,0.3,73.03999999999998,70.16,72.32,75.56,1,0,0,0,0,0,0,0,0,0,0,0,0,0,0,0,0,0,0,0,0,0,0,0,0,0,0,0,0,0,0,0,0,0,0,0,0,0,0,0,0,0,0,0
D,8,0.0,0.0,0.0,0.0,0.0,0.0,0.0,0.0,0.0,80.06,78.80000000000003,78.25999999999998,73.58000000000001,1,0,0,0,0,0,0,0,0,0,0,0,0,0,0,0,0,0,0,0,0,0,0,0,0,0,0,0,0,0,0,0,0,0,0,0,0,0,0,0,0,0,0,0
D,8,0.0,0.0,0.0,0.0,0.0,0.0,0.0,0.0,0.0,75.74000000000002,78.44,82.4,72.5,1,0,0,0,0,0,0,0,0,0,0,0,0,0,0,0,0,0,0,0,0,0,0,0,0,0,0,0,0,0,0,0,0,0,0,0,0,0,0,0,0,0,0,0
D,8,0.0,0.0,0.0,0.0,0.0,0.0,0.0,0.0,0.0,78.98,83.12,79.34,77.18,1,0,0,0,0,0,0,0,0,0,0,0,0,0,0,0,0,0,0,0,0,0,0,0,0,0,0,0,0,0,0,0,0,0,0,0,0,0,0,0,0,0,0,0
D,9,0.0,0.0,0.0,0.0,0.0,0.0,0.0,0.0,0.0,78.44,77.53999999999998,74.84,77.53999999999998,0,0,0,0,0,0,0,0,0,0,0,0,0,0,0,0,0,0,0,1,0,0,0,0,0,0,0,0,0,0,0,0,0,0,0,0,0,0,0,0,0,0,0,0
D,10,0.0,0.0,0.0,0.0,0.0,0.0,0.0,0.0,0.0,63.5,67.1,73.03999999999998,79.34,0,0,0,0,0,0,0,0,0,0,0,0,0,0,0,0,0,0,0,1,0,0,0,0,0,0,0,0,0,0,0,0,0,0,0,0,0,0,0,0,0,0,0,0
D,8,0.0,0.0,0.0,0.0,0.0,0.0,0.0,0.0,0.0,72.68,72.86,72.68,77.72,0,0,0,0,0,0,0,0,0,1,0,0,0,0,0,0,0,0,0,0,0,0,0,0,0,0,0,0,0,0,0,0,0,0,0,0,0,0,0,0,0,0,0,0
D,8,0.0,0.0,0.0,0.0,0.0,0.5,0.0,0.0,0.0,80.42,72.68,72.86,72.68,0,0,0,0,0,0,0,0,0,0,0,0,0,0,0,0,0,0,0,0,0,0,0,0,0,0,0,0,0,0,0,0,0,0,0,0,1,0,0,0,0,0,0,0
D,8,0.0,0.0,0.0,0.0,0.0,0.0,0.0,0.5,0.0,70.52,69.62,80.42,72.68,0,0,0,0,0,0,0,0,0,0,0,1,0,0,0,0,0,0,0,0,0,0,0,0,0,0,0,0,0,0,0,0,0,0,0,0,0,0,0,0,0,0,0,0
D,9,0.0,0.0,0.0,0.0,0.0,0.0,0.0,0.0,0.0,71.9762626764068,72.29543715459882,72.58600682593917,72.35869338848896,0,0,0,0,0,0,0,0,0,1,0,0,0,0,0,0,0,0,0,0,0,0,0,0,0,0,0,0,0,0,0,0,0,0,0,0,0,0,0,0,0,0,0,0
D,8,0.0,0.0,0.0,0.0,0.0,0.0,0.0,0.0,0.0,79.7,80.78,79.52,80.06,0,0,0,0,0,0,0,0,0,0,0,0,0,0,0,0,0,0,0,0,0,0,0,0,0,0,0,0,0,0,0,0,0,0,1,0,0,0,0,0,0,0,0,0
D,8,0.0,0.0,0.0,0.0,0.0,0.0,0.0,0.0,0.0,78.08000000000001,75.92,73.22,75.38,0,0,0,0,0,0,0,0,0,0,0,0,0,0,0,0,0,0,0,0,0,0,0,0,0,0,0,0,0,0,0,0,0,0,1,0,0,0,0,0,0,0,0,0
D,8,0.0,0.0,0.0,0.0,0.0,0.0,0.0,0.0,0.0,71.9762626764068,83.48,78.62,79.7,0,0,0,0,0,0,0,0,0,0,0,0,0,0,0,0,0,0,0,0,0,0,0,0,0,0,0,0,0,0,0,0,0,0,1,0,0,0,0,0,0,0,0,0
D,8,0.0,0.0,0.0,0.0,0.0,0.0,0.0,0.0,0.0,77.18,74.84,72.58600682593917,72.35869338848896,0,0,0,0,0,0,0,0,0,0,0,0,0,0,0,0,0,0,0,0,0,0,0,0,0,0,0,0,0,0,0,0,0,1,0,0,0,0,0,0,0,0,0,0
D,8,0.0,0.0,0.0,0.0,0.0,0.0,0.0,0.0,0.0,76.64,79.52,77.18,74.84,0,0,0,0,0,0,0,0,0,0,0,0,0,0,0,0,0,0,0,0,0,0,0,0,0,0,0,0,0,0,0,0,0,1,0,0,0,0,0,0,0,0,0,0
D,9,0.0,0.0,0.0,0.0,0.0,0.0,0.0,0.0,0.0,65.12,64.75999999999999,64.03999999999999,66.02,0,0,1,0,0,0,0,0,0,0,0,0,0,0,0,0,0,0,0,0,0,0,0,0,0,0,0,0,0,0,0,0,0,0,0,0,0,0,0,0,0,0,0,0
D,6,0.0,0.0,0.0,0.0,0.0,0.0,0.0,0.0,0.0,64.03999999999999,67.1,75.92,80.96000000000002,0,0,0,0,0,0,0,0,0,0,0,0,0,0,0,0,0,0,0,0,0,0,0,1,0,0,0,0,0,0,0,0,0,0,0,0,0,0,0,0,0,0,0,0
D,8,0.0,0.0,0.0,0.0,0.0,9.1,0.0,0.0,1.8,67.28,65.48,71.06,72.35869338848896,0,0,0,0,0,0,0,0,0,0,0,0,0,0,0,0,0,0,0,0,0,0,0,0,0,0,0,0,0,1,0,0,0,0,0,0,0,0,0,0,0,0,0,0
D,9,0.0,0.0,0.0,0.0,0.0,0.0,0.0,0.0,0.0,77.18,68.72,63.5,66.56,0,0,0,0,0,0,0,0,0,0,0,0,0,0,0,0,0,0,0,0,0,0,0,1,0,0,0,0,0,0,0,0,0,0,0,0,0,0,0,0,0,0,0,0
D,9,0.0,0.0,0.0,0.0,0.0,0.0,0.0,0.0,1.3,64.75999999999999,64.03999999999999,66.02,64.22,0,0,0,0,0,0,1,0,0,0,0,0,0,0,0,0,0,0,0,0,0,0,0,0,0,0,0,0,0,0,0,0,0,0,0,0,0,0,0,0,0,0,0,0
D,9,0.0,0.0,0.0,0.0,0.0,0.0,0.0,4.8,0.0,62.96,62.06,72.58600682593917,60.08,0,0,0,0,0,0,0,0,0,0,0,0,0,0,0,0,0,0,0,0,0,0,0,0,0,0,0,0,0,1,0,0,0,0,0,0,0,0,0,0,0,0,0,0
D,8,0.0,0.0,0.0,0.0,0.0,0.0,0.0,0.0,0.0,71.9762626764068,72.29543715459882,72.58600682593917,72.35869338848896,0,0,0,0,0,0,0,0,0,0,0,0,0,0,0,0,0,0,0,0,0,0,0,0,1,0,0,0,0,0,0,0,0,0,0,0,0,0,0,0,0,0,0,0
D,7,0.0,0.0,0.0,0.0,0.0,0.0,0.0,0.0,0.0,71.9762626764068,72.29543715459882,72.58600682593917,72.35869338848896,0,0,0,0,0,0,0,0,0,0,0,0,0,0,0,0,0,0,0,0,0,0,0,0,0,0,0,0,0,0,0,0,1,0,0,0,0,0,0,0,0,0,0,0
D,8,0.0,0.0,0.0,0.0,0.0,0.0,0.0,0.0,0.0,82.4,72.29543715459882,83.48,78.62,0,0,0,0,0,0,0,1,0,0,0,0,0,0,0,0,0,0,0,0,0,0,0,0,0,0,0,0,0,0,0,0,0,0,0,0,0,0,0,0,0,0,0,0
D,8,0.0,0.0,0.0,0.0,0.0,0.0,0.0,0.0,0.0,73.22,71.96000000000002,75.02,74.66,0,0,0,0,0,0,0,0,0,0,0,0,0,0,0,0,0,0,0,0,0,0,0,0,1,0,0,0,0,0,0,0,0,0,0,0,0,0,0,0,0,0,0,0
D,8,92.06,0.0,0.0,0.0,0.0,0.0,0.0,0.0,2.8,72.32,74.48,74.30000000000003,68.0,0,0,0,0,0,0,0,0,0,0,0,0,0,0,0,0,0,0,0,0,0,0,0,0,1,0,0,0,0,0,0,0,0,0,0,0,0,0,0,0,0,0,0,0
D,8,0.0,0.0,0.0,0.0,0.0,0.0,0.0,0.0,0.0,73.22,71.96000000000002,75.02,74.66,0,0,0,0,0,0,0,0,0,0,0,0,0,0,0,0,0,0,0,0,0,0,0,0,1,0,0,0,0,0,0,0,0,0,0,0,0,0,0,0,0,0,0,0
D,8,92.06,0.0,0.0,0.0,0.0,0.0,0.0,0.0,2.8,72.32,74.48,74.30000000000003,68.0,0,0,0,0,0,0,0,0,0,0,0,0,0,0,0,0,0,0,0,0,0,0,0,0,1,0,0,0,0,0,0,0,0,0,0,0,0,0,0,0,0,0,0,0
D,7,0.0,0.0,0.0,0.0,0.0,0.0,0.0,7.6,0.0,69.62,70.34,71.6,74.48,0,0,0,0,0,0,0,0,0,0,0,0,0,0,0,0,0,0,0,0,0,0,0,0,1,0,0,0,0,0,0,0,0,0,0,0,0,0,0,0,0,0,0,0
D,8,0.0,0.0,0.0,0.0,0.0,0.0,0.0,0.0,0.0,82.58000000000001,83.84,86.9,83.30000000000003,0,0,0,0,0,0,0,0,0,0,0,0,0,0,0,0,0,0,0,0,0,0,0,0,1,0,0,0,0,0,0,0,0,0,0,0,0,0,0,0,0,0,0,0
D,4,0.0,0.0,0.0,0.0,0.0,0.0,0.0,0.0,1.3,71.9762626764068,57.92,59.36,55.40000000000001,0,0,0,0,0,0,0,0,0,0,0,0,0,0,0,0,0,0,0,1,0,0,0,0,0,0,0,0,0,0,0,0,0,0,0,0,0,0,0,0,0,0,0,0
D,7,0.0,0.0,0.0,0.0,0.0,0.0,0.0,0.3,0.8,82.03999999999998,84.38,83.84,87.98,0,0,0,0,0,0,0,0,0,0,0,0,0,0,0,0,0,0,0,0,0,0,0,0,0,0,0,0,0,0,0,0,0,0,0,0,0,0,0,0,1,0,0,0
D,7,0.28,0.0,0.0,0.0,0.0,0.0,0.0,0.0,0.0,87.08000000000001,86.36,78.62,85.64,0,0,0,0,0,0,0,1,0,0,0,0,0,0,0,0,0,0,0,0,0,0,0,0,0,0,0,0,0,0,0,0,0,0,0,0,0,0,0,0,0,0,0,0
D,8,100.0,100.0,0.0,0.0,0.0,0.0,0.0,0.0,0.0,75.74000000000002,75.92,68.72,71.24000000000002,0,0,0,0,0,0,0,0,0,0,0,0,0,0,0,0,0,0,0,1,0,0,0,0,0,0,0,0,0,0,0,0,0,0,0,0,0,0,0,0,0,0,0,0
D,8,85.33,0.0,0.0,0.0,0.0,0.0,0.0,0.0,0.0,80.6,81.86,79.88,80.06,0,0,0,0,0,0,0,0,0,0,0,0,0,0,0,0,0,0,0,0,0,0,0,0,0,0,0,0,0,0,0,0,0,0,0,0,0,0,0,0,0,1,0,0
D,8,100.0,94.73,0.0,0.0,0.0,0.0,0.0,0.0,0.0,68.72,71.24000000000002,79.7,79.7,0,0,0,0,0,0,0,0,0,0,0,0,0,0,0,0,0,0,0,0,0,0,0,0,0,0,0,0,0,0,0,0,0,0,0,0,0,0,0,0,0,1,0,0
D,7,84.89,17.0,3.33,0.0,0.0,0.5,0.0,0.0,0.0,71.9762626764068,72.29543715459882,72.58600682593917,72.35869338848896,0,0,0,0,0,0,0,0,0,0,0,0,0,0,0,0,0,0,0,0,0,0,0,0,0,0,0,1,0,0,0,0,0,0,0,0,0,0,0,0,0,0,0,0
D,8,73.79,0.0,0.0,0.0,0.0,0.0,0.0,0.0,0.0,88.34,88.16,84.74000000000002,81.5,0,0,0,0,0,0,0,0,0,0,0,0,0,0,0,0,0,0,1,0,0,0,0,0,0,0,0,0,0,0,0,0,0,0,0,0,0,0,0,0,0,0,0,0
D,10,100.0,100.0,0.0,0.0,0.0,0.0,0.0,0.0,0.0,39.02,45.86,47.48,47.84,0,0,0,0,0,0,0,0,0,0,0,0,0,0,0,0,0,0,0,0,0,0,0,0,0,0,0,0,0,0,0,0,0,0,0,0,0,0,0,1,0,0,0,0
D,8,100.0,0.0,0.0,0.0,0.0,0.0,0.0,0.0,0.0,81.5,81.5,80.6,78.98,0,0,0,0,0,0,1,0,0,0,0,0,0,0,0,0,0,0,0,0,0,0,0,0,0,0,0,0,0,0,0,0,0,0,0,0,0,0,0,0,0,0,0,0
D,8,100.0,0.01,0.0,0.0,0.0,0.0,0.0,0.0,0.0,72.68,69.80000000000001,74.48,79.52,0,0,0,0,0,0,0,0,0,0,0,0,0,0,0,1,0,0,0,0,0,0,0,0,0,0,0,0,0,0,0,0,0,0,0,0,0,0,0,0,0,0,0,0
D,10,100.0,100.0,0.0,0.0,0.0,0.0,0.0,0.0,0.0,45.86,47.48,47.84,54.5,0,0,0,0,0,0,0,0,0,0,0,0,0,0,0,0,0,0,0,0,0,0,0,0,0,0,0,0,0,0,0,0,0,1,0,0,0,0,0,0,0,0,0,0
D,7,77.1,0.0,0.0,0.0,0.0,0.3,0.8,0.0,0.0,83.84,87.98,86.53999999999998,83.30000000000003,1,0,0,0,0,0,0,0,0,0,0,0,0,0,0,0,0,0,0,0,0,0,0,0,0,0,0,0,0,0,0,0,0,0,0,0,0,0,0,0,0,0,0,0
D,7,49.98,6.59,0.0,0.0,0.0,0.0,0.0,0.0,0.0,79.34,82.22,81.32,87.08000000000001,0,0,0,0,0,0,0,0,0,0,0,0,0,0,0,0,0,0,0,1,0,0,0,0,0,0,0,0,0,0,0,0,0,0,0,0,0,0,0,0,0,0,0,0
D,9,100.0,100.0,0.0,0.0,0.0,0.3,0.0,0.0,0.0,80.42,68.9,60.44,60.08,0,0,0,0,0,0,0,0,0,0,0,0,0,0,0,0,0,0,0,1,0,0,0,0,0,0,0,0,0,0,0,0,0,0,0,0,0,0,0,0,0,0,0,0
D,9,100.0,100.0,0.0,0.0,0.0,0.0,0.0,0.0,0.0,69.80000000000001,75.38,74.84,68.18,1,0,0,0,0,0,0,0,0,0,0,0,0,0,0,0,0,0,0,0,0,0,0,0,0,0,0,0,0,0,0,0,0,0,0,0,0,0,0,0,0,0,0,0
D,9,100.0,100.0,0.0,0.0,0.0,0.0,0.0,0.0,0.0,72.5,69.98,71.42,76.46000000000002,0,0,0,0,0,0,0,0,0,0,0,0,0,0,0,0,0,0,0,0,0,0,0,0,0,0,0,0,0,0,0,0,0,0,1,0,0,0,0,0,0,0,0,0
D,9,100.0,100.0,0.0,0.0,0.0,0.0,0.0,0.0,0.0,66.92,70.34,74.84,70.16,0,0,0,0,0,0,0,0,0,0,0,0,0,0,0,0,0,0,0,1,0,0,0,0,0,0,0,0,0,0,0,0,0,0,0,0,0,0,0,0,0,0,0,0
D,9,100.0,100.0,0.0,0.0,0.0,0.0,0.0,0.0,0.0,68.18,66.02,65.30000000000001,64.4,1,0,0,0,0,0,0,0,0,0,0,0,0,0,0,0,0,0,0,0,0,0,0,0,0,0,0,0,0,0,0,0,0,0,0,0,0,0,0,0,0,0,0,0
D,5,0.0,0.0,0.0,0.0,0.0,0.0,0.0,0.0,0.0,56.84,59.540000000000006,69.25999999999999,73.75999999999998,0,0,0,0,0,0,0,0,0,0,0,0,0,0,0,0,0,0,0,1,0,0,0,0,0,0,0,0,0,0,0,0,0,0,0,0,0,0,0,0,0,0,0,0
D,5,0.0,0.0,0.0,0.0,0.0,0.0,0.0,0.0,0.0,51.8,58.46,65.84,69.80000000000001,0,0,0,0,0,0,0,0,0,0,0,0,0,0,0,0,0,0,0,1,0,0,0,0,0,0,0,0,0,0,0,0,0,0,0,0,0,0,0,0,0,0,0,0
D,5,0.0,0.0,0.0,0.0,0.0,1.0,0.0,0.0,3.8,63.86,54.86,52.16,52.34,1,0,0,0,0,0,0,0,0,0,0,0,0,0,0,0,0,0,0,0,0,0,0,0,0,0,0,0,0,0,0,0,0,0,0,0,0,0,0,0,0,0,0,0
D,6,0.0,0.0,0.0,0.0,0.0,0.3,0.0,3.3,0.0,62.42,59.0,51.08,57.74,1,0,0,0,0,0,0,0,0,0,0,0,0,0,0,0,0,0,0,0,0,0,0,0,0,0,0,0,0,0,0,0,0,0,0,0,0,0,0,0,0,0,0,0
D,6,0.0,0.0,0.0,0.0,0.0,0.0,0.0,0.0,0.3,65.48,69.80000000000001,74.12,74.66,1,0,0,0,0,0,0,0,0,0,0,0,0,0,0,0,0,0,0,0,0,0,0,0,0,0,0,0,0,0,0,0,0,0,0,0,0,0,0,0,0,0,0,0
D,6,0.0,0.0,0.0,0.0,0.0,0.0,0.0,0.0,0.0,80.78,71.78,71.96000000000002,72.86,1,0,0,0,0,0,0,0,0,0,0,0,0,0,0,0,0,0,0,0,0,0,0,0,0,0,0,0,0,0,0,0,0,0,0,0,0,0,0,0,0,0,0,0
D,8,100.0,100.0,0.0,0.0,0.0,0.0,0.0,0.0,0.0,79.7,79.7,78.62,69.80000000000001,1,0,0,0,0,0,0,0,0,0,0,0,0,0,0,0,0,0,0,0,0,0,0,0,0,0,0,0,0,0,0,0,0,0,0,0,0,0,0,0,0,0,0,0
D,8,100.0,100.0,0.0,0.0,0.0,0.0,0.0,0.0,0.0,79.7,78.62,69.80000000000001,69.80000000000001,1,0,0,0,0,0,0,0,0,0,0,0,0,0,0,0,0,0,0,0,0,0,0,0,0,0,0,0,0,0,0,0,0,0,0,0,0,0,0,0,0,0,0,0
D,8,100.0,100.0,0.0,0.0,0.0,0.0,0.0,0.0,0.0,80.24000000000002,79.16,81.86,75.74000000000002,1,0,0,0,0,0,0,0,0,0,0,0,0,0,0,0,0,0,0,0,0,0,0,0,0,0,0,0,0,0,0,0,0,0,0,0,0,0,0,0,0,0,0,0
D,7,100.0,0.0,0.0,0.0,0.0,0.0,0.0,0.0,0.0,76.82,76.1,76.46000000000002,73.94,0,0,0,0,0,0,0,0,0,0,0,0,0,0,0,1,0,0,0,0,0,0,0,0,0,0,0,0,0,0,0,0,0,0,0,0,0,0,0,0,0,0,0,0
D,6,0.15,0.0,0.0,0.0,0.0,0.0,0.0,0.0,0.0,62.78,60.44,66.92,75.38,0,0,0,0,0,0,0,0,0,0,0,0,0,0,0,1,0,0,0,0,0,0,0,0,0,0,0,0,0,0,0,0,0,0,0,0,0,0,0,0,0,0,0,0
D,6,100.0,0.0,0.0,0.0,0.0,0.0,0.0,0.0,0.0,72.5,78.62,79.88,66.74000000000001,0,0,0,0,0,0,0,0,0,0,0,0,0,0,0,0,0,0,0,0,0,0,0,0,0,0,0,0,0,0,0,0,0,0,0,0,0,0,0,1,0,0,0,0
D,7,0.0,0.0,0.0,0.0,0.0,0.0,0.0,0.0,0.0,71.9762626764068,74.84,77.72,75.74000000000002,0,0,0,0,0,0,0,0,0,0,0,0,0,0,0,0,0,0,0,0,0,0,1,0,0,0,0,0,0,0,0,0,0,0,0,0,0,0,0,0,0,0,0,0
D,7,77.1,0.0,0.0,0.0,0.0,0.0,0.3,0.8,0.0,84.38,83.84,87.98,86.53999999999998,1,0,0,0,0,0,0,0,0,0,0,0,0,0,0,0,0,0,0,0,0,0,0,0,0,0,0,0,0,0,0,0,0,0,0,0,0,0,0,0,0,0,0,0
D,7,77.1,0.0,0.0,0.0,0.0,0.3,0.8,0.0,0.0,83.84,87.98,86.53999999999998,83.30000000000003,1,0,0,0,0,0,0,0,0,0,0,0,0,0,0,0,0,0,0,0,0,0,0,0,0,0,0,0,0,0,0,0,0,0,0,0,0,0,0,0,0,0,0,0
D,8,91.61,11.71,0.0,0.0,0.0,0.0,0.0,0.0,0.0,79.88,80.06,77.72,75.56,1,0,0,0,0,0,0,0,0,0,0,0,0,0,0,0,0,0,0,0,0,0,0,0,0,0,0,0,0,0,0,0,0,0,0,0,0,0,0,0,0,0,0,0
D,8,80.7,0.0,0.0,0.0,0.0,0.0,0.0,0.0,0.0,77.72,75.56,77.18,83.30000000000003,0,0,0,0,0,0,0,0,0,0,0,0,0,0,0,0,0,0,0,0,0,0,1,0,0,0,0,0,0,0,0,0,0,0,0,0,0,0,0,0,0,0,0,0
D,9,100.0,100.0,0.0,0.0,0.0,0.0,0.0,0.0,0.0,70.16,66.38,69.25999999999999,68.18,0,0,0,0,0,0,0,0,0,0,0,0,0,0,0,0,0,0,0,1,0,0,0,0,0,0,0,0,0,0,0,0,0,0,0,0,0,0,0,0,0,0,0,0
D,7,100.0,0.0,0.0,0.0,0.0,0.0,0.0,0.0,0.0,76.82,76.1,76.46000000000002,73.94,0,0,0,0,0,0,0,0,0,0,0,1,0,0,0,0,0,0,0,0,0,0,0,0,0,0,0,0,0,0,0,0,0,0,0,0,0,0,0,0,0,0,0,0
D,6,37.04,0.0,0.0,0.0,0.0,0.0,0.0,0.0,0.0,75.38,68.36,56.12000000000001,55.58,0,0,0,0,0,1,0,0,0,0,0,0,0,0,0,0,0,0,0,0,0,0,0,0,0,0,0,0,0,0,0,0,0,0,0,0,0,0,0,0,0,0,0,0
D,7,100.0,0.0,0.0,0.0,0.0,0.0,0.0,0.0,0.0,78.44,76.1,71.6,77.18,0,0,0,0,0,0,0,0,0,0,0,0,0,0,0,0,0,0,0,0,0,0,0,0,0,0,0,0,0,0,0,0,0,0,0,0,0,0,0,1,0,0,0,0
D,7,100.0,0.0,0.0,0.0,0.0,0.0,0.0,0.0,0.0,78.44,76.1,71.6,77.18,0,0,0,0,0,0,0,0,0,0,0,0,0,0,0,0,0,0,0,0,0,0,0,0,0,0,0,0,0,0,0,0,0,0,0,0,0,0,0,1,0,0,0,0
D,10,100.0,100.0,0.0,0.0,0.0,0.0,0.0,0.0,0.8,39.2,41.0,43.7,48.92,0,0,0,0,0,0,0,0,0,0,0,0,0,0,0,0,0,0,0,0,0,0,0,0,0,0,0,0,0,0,0,0,0,0,0,0,0,0,0,1,0,0,0,0
D,6,16.1,0.0,0.0,0.0,0.0,0.0,0.0,0.0,0.0,76.28,65.84,58.82,63.86,0,0,0,0,0,0,0,0,0,0,0,0,0,0,0,0,0,0,0,0,0,0,0,0,0,0,0,0,0,0,0,0,0,0,0,0,0,0,0,1,0,0,0,0
D,7,30.44,0.09,0.0,0.0,0.0,0.0,0.0,0.0,0.3,77.18,82.03999999999998,84.38,83.84,0,0,0,0,0,0,0,0,0,0,0,0,0,0,0,0,0,0,0,0,0,0,0,0,0,0,0,0,0,0,0,0,0,0,1,0,0,0,0,0,0,0,0,0
D,7,30.44,0.09,0.0,0.0,0.0,0.0,0.0,0.3,0.8,82.03999999999998,84.38,83.84,87.98,0,0,0,0,0,0,0,0,0,0,0,0,0,0,0,0,0,0,0,0,0,0,0,0,0,0,0,0,0,0,0,0,0,0,1,0,0,0,0,0,0,0,0,0
D,8,100.0,100.0,0.0,0.0,0.0,0.0,0.0,0.0,0.0,78.98,81.5,81.5,80.6,0,0,0,0,0,0,0,0,0,0,0,0,0,0,0,0,0,0,0,0,0,0,0,0,0,0,0,0,0,0,0,0,0,0,1,0,0,0,0,0,0,0,0,0
D,6,25.59,0.0,0.0,0.0,0.0,0.0,0.0,0.0,0.3,65.48,69.80000000000001,74.12,74.66,0,0,0,0,0,0,0,0,0,0,0,0,0,0,0,0,0,0,0,0,0,0,0,0,0,0,0,0,0,0,0,0,0,0,1,0,0,0,0,0,0,0,0,0
D,11,100.0,100.0,0.0,0.0,0.0,0.0,0.0,0.0,0.0,51.44,52.88,55.58,52.34,0,0,0,0,0,0,0,0,0,0,0,0,0,0,0,0,0,0,0,0,0,0,0,0,0,0,0,0,0,0,0,0,0,0,1,0,0,0,0,0,0,0,0,0
D,7,100.0,28.47,0.0,0.0,0.0,0.0,0.0,0.0,0.0,75.56,84.2,74.12,77.0,0,0,1,0,0,0,0,0,0,0,0,0,0,0,0,0,0,0,0,0,0,0,0,0,0,0,0,0,0,0,0,0,0,0,0,0,0,0,0,0,0,0,0,0
D,8,100.0,13.29,0.0,0.0,0.0,0.0,0.0,0.0,0.0,68.72,67.1,67.1,64.4,0,0,0,0,0,0,0,0,0,0,0,0,0,0,0,0,0,0,0,0,0,0,0,0,0,0,0,0,0,0,0,0,0,0,0,0,0,0,0,0,0,0,0,0
D,8,100.0,0.0,0.0,0.0,0.0,0.0,0.0,0.0,0.0,75.38,72.68,69.80000000000001,74.48,0,0,0,0,0,0,0,0,0,0,0,0,0,0,1,0,0,0,0,0,0,0,0,0,0,0,0,0,0,0,0,0,0,0,0,0,0,0,0,0,0,0,0,0
D,9,100.0,100.0,0.0,0.0,0.0,0.0,0.0,0.0,0.0,59.72,61.16,67.28,71.42,0,0,1,0,0,0,0,0,0,0,0,0,0,0,0,0,0,0,0,0,0,0,0,0,0,0,0,0,0,0,0,0,0,0,0,0,0,0,0,0,0,0,0,0
D,9,100.0,100.0,0.0,0.0,0.0,0.0,0.0,0.0,0.0,67.28,71.42,62.24,55.58,0,0,0,0,0,0,0,0,0,0,0,0,0,0,0,0,0,0,0,0,0,0,0,0,0,0,0,0,0,0,0,0,0,0,0,0,1,0,0,0,0,0,0,0
D,6,50.72,0.0,0.0,0.0,0.0,0.0,0.0,0.0,0.0,56.12000000000001,55.58,65.12,71.96000000000002,0,0,0,0,0,0,0,0,0,0,0,0,0,0,0,0,0,0,0,0,1,0,0,0,0,0,0,0,0,0,0,0,0,0,0,0,0,0,0,0,0,0,0,0
D,6,37.04,0.0,0.0,0.0,0.0,0.0,0.0,0.0,0.0,55.58,65.12,71.96000000000002,72.5,0,0,0,0,0,1,0,0,0,0,0,0,0,0,0,0,0,0,0,0,0,0,0,0,0,0,0,0,0,0,0,0,0,0,0,0,0,0,0,0,0,0,0,0
D,11,100.0,100.0,0.0,0.0,0.0,0.0,0.0,0.0,0.0,49.1,47.48,48.38,48.38,0,0,0,0,0,0,0,0,0,0,0,0,0,0,0,0,0,0,0,0,0,0,0,0,0,0,0,0,0,0,0,0,0,1,0,0,0,0,0,0,0,0,0,0
D,6,23.61,0.0,0.0,0.0,0.0,0.0,0.0,0.0,0.0,71.9762626764068,72.29543715459882,72.58600682593917,72.35869338848896,0,0,0,0,0,0,0,0,0,0,0,0,0,0,0,0,0,0,0,0,0,0,0,0,0,0,0,1,0,0,0,0,0,0,0,0,0,0,0,0,0,0,0,0
D,7,99.3,0.0,0.0,0.0,0.0,0.0,0.3,0.8,0.0,84.38,83.84,87.98,86.53999999999998,0,0,0,0,0,0,1,0,0,0,0,0,0,0,0,0,0,0,0,0,0,0,0,0,0,0,0,0,0,0,0,0,0,0,0,0,0,0,0,0,0,0,0,0
D,4,0.0,0.0,0.0,0.0,0.0,0.0,0.0,0.0,0.0,59.90000000000001,66.2,63.5,63.31999999999999,0,0,0,0,0,0,0,0,0,0,0,0,0,0,0,0,0,0,0,0,0,0,0,0,0,0,0,0,0,1,0,0,0,0,0,0,0,0,0,0,0,0,0,0
D,6,0.0,0.0,0.0,0.0,0.0,0.0,0.0,0.0,0.0,47.84,54.32,61.34,49.64,0,0,0,0,0,0,1,0,0,0,0,0,0,0,0,0,0,0,0,0,0,0,0,0,0,0,0,0,0,0,0,0,0,0,0,0,0,0,0,0,0,0,0,0
D,8,0.0,0.0,0.0,0.0,0.0,0.0,0.0,0.0,0.0,82.22,85.64,84.38,80.96000000000002,0,0,0,0,0,0,0,0,0,0,0,0,0,0,0,0,0,0,0,0,0,0,0,0,0,0,1,0,0,0,0,0,0,0,0,0,0,0,0,0,0,0,0,0
D,8,100.0,100.0,0.0,0.0,0.0,0.0,0.0,0.0,0.0,70.16,72.14,77.9,72.32,0,0,0,0,0,0,0,0,0,0,0,0,0,0,0,0,0,0,0,0,0,0,0,0,1,0,0,0,0,0,0,0,0,0,0,0,0,0,0,0,0,0,0,0
D,8,100.0,100.0,0.0,0.0,0.0,0.0,0.0,0.0,0.0,71.42,71.6,73.03999999999998,75.2,0,0,0,0,0,0,0,0,0,0,0,0,0,0,0,0,0,0,0,0,0,0,0,0,1,0,0,0,0,0,0,0,0,0,0,0,0,0,0,0,0,0,0,0
D,7,100.0,100.0,0.0,0.0,0.0,0.0,0.0,0.0,0.0,80.06,74.48,71.78,76.28,0,0,0,0,0,0,0,0,0,0,0,0,0,0,0,0,0,0,0,0,0,0,0,0,0,0,0,0,0,0,0,0,0,0,0,0,0,0,0,0,1,0,0,0
D,8,100.0,100.0,98.81,0.0,0.0,0.0,0.0,0.0,0.0,79.52,78.44,75.92,78.62,0,0,0,0,0,0,0,1,0,0,0,0,0,0,0,0,0,0,0,0,0,0,0,0,0,0,0,0,0,0,0,0,0,0,0,0,0,0,0,0,0,0,0,0
D,8,100.0,85.02,0.0,0.0,0.0,0.0,0.0,0.0,0.5,71.6,73.03999999999998,75.2,76.46000000000002,0,0,0,0,0,0,0,0,0,0,0,0,0,0,0,0,0,0,0,0,0,0,0,0,0,0,0,0,0,0,0,0,0,0,0,0,0,1,0,0,0,0,0,0
D,8,100.0,100.0,0.0,0.0,0.0,0.0,0.5,0.8,0.0,83.66,83.12,79.34,79.34,0,0,0,0,0,0,0,0,0,0,0,0,0,0,0,0,0,0,0,0,0,0,0,0,1,0,0,0,0,0,0,0,0,0,0,0,0,0,0,0,0,0,0,0
D,8,100.0,100.0,0.0,0.0,0.0,0.0,0.0,0.0,0.0,68.18,69.98,70.16,72.14,0,0,0,0,0,0,0,0,0,0,0,0,0,0,0,0,0,0,0,0,0,0,0,0,1,0,0,0,0,0,0,0,0,0,0,0,0,0,0,0,0,0,0,0
D,7,100.0,97.37,0.0,0.0,0.0,0.0,0.0,0.0,0.0,71.24000000000002,76.46000000000002,80.06,75.2,0,0,0,0,0,0,0,0,0,0,0,0,0,0,0,0,0,0,0,0,0,0,0,0,1,0,0,0,0,0,0,0,0,0,0,0,0,0,0,0,0,0,0,0
D,8,100.0,100.0,0.0,0.0,0.0,0.0,0.0,0.5,0.0,73.03999999999998,75.2,76.46000000000002,74.84,0,0,0,0,0,0,0,0,0,0,0,0,0,0,0,0,0,0,0,0,0,0,0,0,1,0,0,0,0,0,0,0,0,0,0,0,0,0,0,0,0,0,0,0
D,7,100.0,100.0,3.96,0.0,0.0,0.0,0.0,0.0,0.0,76.82,75.92,75.56,69.08000000000001,0,0,1,0,0,0,0,0,0,0,0,0,0,0,0,0,0,0,0,0,0,0,0,0,0,0,0,0,0,0,0,0,0,0,0,0,0,0,0,0,0,0,0,0
D,8,100.0,100.0,36.32,0.0,0.0,0.0,0.0,0.0,10.7,79.7,78.25999999999998,77.9,80.96000000000002,0,1,0,0,0,0,0,0,0,0,0,0,0,0,0,0,0,0,0,0,0,0,0,0,0,0,0,0,0,0,0,0,0,0,0,0,0,0,0,0,0,0,0,0
D,8,100.0,100.0,43.89,0.0,0.0,0.0,0.0,0.0,0.0,71.9762626764068,72.29543715459882,72.58600682593917,62.96,0,0,0,0,0,0,0,0,0,0,0,0,0,0,0,0,0,0,0,0,0,1,0,0,0,0,0,0,0,0,0,0,0,0,0,0,0,0,0,0,0,0,0,0
D,7,100.0,100.0,81.36,0.0,0.0,0.0,0.0,0.0,0.0,83.12,83.66,82.03999999999998,82.94,0,0,0,0,0,0,0,0,0,0,0,0,0,0,0,0,0,0,1,0,0,0,0,0,0,0,0,0,0,0,0,0,0,0,0,0,0,0,0,0,0,0,0,0
D,9,100.0,100.0,56.16,0.0,0.0,0.0,0.0,0.8,0.0,80.24000000000002,78.98,83.48,74.84,0,0,0,0,0,0,0,0,0,0,0,0,0,0,0,0,0,0,0,0,0,0,0,0,1,0,0,0,0,0,0,0,0,0,0,0,0,0,0,0,0,0,0,0
D,8,100.0,100.0,13.71,0.0,0.0,0.0,0.0,0.0,0.0,75.74000000000002,79.7,80.42,80.42,0,0,0,0,0,0,0,0,0,0,0,0,0,0,0,0,0,0,0,0,0,0,0,0,0,0,0,0,0,0,0,0,0,0,0,0,0,0,0,0,0,1,0,0
D,7,100.0,100.0,90.54,0.0,0.0,0.0,0.0,0.0,0.0,75.38,79.16,81.86,79.88,1,0,0,0,0,0,0,0,0,0,0,0,0,0,0,0,0,0,0,0,0,0,0,0,0,0,0,0,0,0,0,0,0,0,0,0,0,0,0,0,0,0,0,0
D,7,100.0,100.0,90.54,0.0,0.0,0.0,0.0,0.0,0.0,78.08000000000001,75.2,74.84,82.22,1,0,0,0,0,0,0,0,0,0,0,0,0,0,0,0,0,0,0,0,0,0,0,0,0,0,0,0,0,0,0,0,0,0,0,0,0,0,0,0,0,0,0,0
D,8,100.0,100.0,100.0,6.58,0.0,0.0,0.0,0.0,0.0,80.24000000000002,79.52,78.44,75.92,1,0,0,0,0,0,0,0,0,0,0,0,0,0,0,0,0,0,0,0,0,0,0,0,0,0,0,0,0,0,0,0,0,0,0,0,0,0,0,0,0,0,0,0
D,8,100.0,100.0,100.0,98.5,0.0,0.0,0.0,0.0,0.0,78.44,75.92,78.62,81.86,1,0,0,0,0,0,0,0,0,0,0,0,0,0,0,0,0,0,0,0,0,0,0,0,0,0,0,0,0,0,0,0,0,0,0,0,0,0,0,0,0,0,0,0
D,3,100.0,37.14,0.0,0.0,0.0,0.0,0.0,0.0,0.0,44.78,39.2,39.74,41.36,0,0,0,0,0,0,0,0,0,0,0,0,0,0,0,0,0,0,0,0,0,0,0,0,0,0,0,0,0,0,0,0,0,0,1,0,0,0,0,0,0,0,0,0
D,5,100.0,36.57,0.0,0.0,0.0,0.0,0.0,0.0,0.0,65.12,69.25999999999999,73.75999999999998,77.53999999999998,0,0,0,0,0,0,0,0,0,0,0,0,0,0,0,0,0,0,0,0,0,0,0,0,0,0,0,0,0,0,0,0,0,0,1,0,0,0,0,0,0,0,0,0
D,5,100.0,19.68,0.0,0.0,0.0,0.0,0.0,0.0,0.0,67.82,64.58000000000001,63.68000000000001,59.90000000000001,0,0,0,0,0,0,0,0,0,0,0,0,0,0,0,0,0,0,0,1,0,0,0,0,0,0,0,0,0,0,0,0,0,0,0,0,0,0,0,0,0,0,0,0
D,7,100.0,100.0,32.12,0.0,0.0,0.0,0.0,0.0,0.0,86.53999999999998,91.04,93.92,88.7,0,0,0,0,0,0,0,0,0,0,0,0,0,0,0,0,0,0,0,1,0,0,0,0,0,0,0,0,0,0,0,0,0,0,0,0,0,0,0,0,0,0,0,0
D,7,100.0,100.0,32.12,0.0,0.0,0.0,0.0,0.0,0.0,91.04,93.92,88.7,83.12,0,0,0,0,0,0,0,0,0,0,0,0,0,0,0,0,0,0,0,1,0,0,0,0,0,0,0,0,0,0,0,0,0,0,0,0,0,0,0,0,0,0,0,0
D,7,100.0,100.0,37.5,0.0,0.0,0.0,0.0,0.0,0.0,82.94,81.68,83.48,84.02,0,0,0,0,0,0,0,0,0,0,0,0,0,0,0,0,0,0,0,1,0,0,0,0,0,0,0,0,0,0,0,0,0,0,0,0,0,0,0,0,0,0,0,0
D,9,100.0,100.0,100.0,21.1,0.0,0.0,0.0,12.4,5.8,79.52,78.98,71.06,76.46000000000002,0,0,0,0,0,0,0,0,0,0,0,0,0,0,0,0,0,0,0,1,0,0,0,0,0,0,0,0,0,0,0,0,0,0,0,0,0,0,0,0,0,0,0,0
D,9,100.0,100.0,100.0,21.1,0.0,0.0,12.4,5.8,1.8,78.98,71.06,76.46000000000002,74.12,0,0,0,0,0,0,0,0,0,0,0,0,0,0,0,0,0,0,0,1,0,0,0,0,0,0,0,0,0,0,0,0,0,0,0,0,0,0,0,0,0,0,0,0
D,7,100.0,100.0,89.38,0.0,0.0,0.0,0.0,0.0,0.0,71.9762626764068,89.24000000000002,91.4,89.6,0,0,0,0,0,0,0,0,0,0,0,0,0,0,0,0,0,0,0,0,0,0,0,0,0,0,0,0,0,0,0,0,0,0,0,0,0,0,0,1,0,0,0,0
D,6,100.0,100.0,0.0,0.0,0.0,0.0,0.0,0.0,0.0,65.12,72.14,77.36,79.34,0,0,0,0,0,0,0,0,0,0,0,0,0,0,0,0,0,0,0,0,0,0,0,0,0,0,0,0,0,1,0,0,0,0,0,0,0,0,0,0,0,0,0,0
D,5,100.0,58.36,0.0,0.0,0.0,7.4,1.3,3.6,0.0,56.12000000000001,53.96,56.12000000000001,55.22,0,0,0,0,0,0,0,0,0,0,0,0,0,0,0,0,0,0,0,0,0,0,0,0,0,0,0,0,0,0,0,0,0,0,0,1,0,0,0,0,0,0,0,0
D,5,100.0,86.43,0.0,0.0,0.0,1.3,3.6,0.0,0.0,53.96,56.12000000000001,55.22,56.66,1,0,0,0,0,0,0,0,0,0,0,0,0,0,0,0,0,0,0,0,0,0,0,0,0,0,0,0,0,0,0,0,0,0,0,0,0,0,0,0,0,0,0,0
D,6,100.0,100.0,20.77,0.0,0.0,0.0,0.0,0.0,0.0,57.38,64.58000000000001,71.78,75.74000000000002,0,0,0,0,0,0,0,0,0,0,0,0,0,0,0,0,0,0,0,1,0,0,0,0,0,0,0,0,0,0,0,0,0,0,0,0,0,0,0,0,0,0,0,0
D,6,100.0,100.0,22.04,0.0,0.0,0.0,0.0,0.0,0.0,73.75999999999998,67.64,65.48,57.38,0,0,0,0,0,0,0,0,0,0,0,0,0,0,0,0,0,0,0,0,0,0,1,0,0,0,0,0,0,0,0,0,0,0,0,0,0,0,0,0,0,0,0,0
D,6,100.0,100.0,87.87,0.0,0.0,0.0,0.0,0.0,0.0,73.75999999999998,67.64,65.48,57.38,1,0,0,0,0,0,0,0,0,0,0,0,0,0,0,0,0,0,0,0,0,0,0,0,0,0,0,0,0,0,0,0,0,0,0,0,0,0,0,0,0,0,0,0
D,7,100.0,100.0,90.54,0.0,0.0,0.0,0.0,0.0,0.0,86.53999999999998,91.04,93.92,88.7,1,0,0,0,0,0,0,0,0,0,0,0,0,0,0,0,0,0,0,0,0,0,0,0,0,0,0,0,0,0,0,0,0,0,0,0,0,0,0,0,0,0,0,0
D,8,100.0,100.0,100.0,6.58,0.0,0.0,0.3,0.0,0.0,81.5,81.32,80.24000000000002,79.52,1,0,0,0,0,0,0,0,0,0,0,0,0,0,0,0,0,0,0,0,0,0,0,0,0,0,0,0,0,0,0,0,0,0,0,0,0,0,0,0,0,0,0,0
D,8,100.0,100.0,100.0,5.3,0.0,0.0,0.0,0.0,0.3,79.52,79.34,81.5,81.32,0,0,0,0,0,0,0,0,0,0,0,0,0,0,0,0,0,0,0,1,0,0,0,0,0,0,0,0,0,0,0,0,0,0,0,0,0,0,0,0,0,0,0,0
D,8,100.0,100.0,100.0,5.3,0.0,0.0,0.0,0.3,0.0,79.34,81.5,81.32,80.24000000000002,0,0,0,0,0,0,0,0,0,0,0,0,0,0,0,0,0,0,0,1,0,0,0,0,0,0,0,0,0,0,0,0,0,0,0,0,0,0,0,0,0,0,0,0
D,7,100.0,100.0,55.79,0.0,0.0,0.0,0.0,0.0,0.0,69.08000000000001,73.03999999999998,73.75999999999998,73.58000000000001,0,0,0,0,0,1,0,0,0,0,0,0,0,0,0,0,0,0,0,0,0,0,0,0,0,0,0,0,0,0,0,0,0,0,0,0,0,0,0,0,0,0,0,0
D,7,100.0,100.0,100.0,0.0,0.0,0.0,0.0,0.0,0.0,83.48,84.02,84.56,84.02,0,0,0,0,0,0,0,0,0,0,0,0,0,0,0,0,0,0,0,0,0,0,0,0,0,0,0,0,0,0,0,0,0,0,0,0,0,0,0,1,0,0,0,0
D,7,100.0,100.0,100.0,0.0,0.0,0.0,0.0,0.0,0.0,86.72,86.53999999999998,91.04,93.92,0,0,0,0,0,0,0,0,0,0,0,0,0,0,0,0,0,0,0,0,0,0,0,0,0,0,0,0,0,0,0,0,0,0,1,0,0,0,0,0,0,0,0,0
D,7,100.0,100.0,100.0,0.0,0.0,0.0,0.0,0.0,0.0,91.04,93.92,88.7,83.12,0,0,0,0,0,0,0,0,0,0,0,0,0,0,0,0,0,0,0,0,0,0,0,0,0,0,0,0,0,0,0,0,0,0,1,0,0,0,0,0,0,0,0,0
D,8,100.0,100.0,100.0,77.9,0.0,0.0,0.0,0.0,0.0,79.52,78.44,75.92,78.62,0,0,0,0,0,0,0,0,0,0,0,0,0,0,0,0,0,0,0,0,0,0,0,0,0,0,0,0,0,0,0,0,0,0,1,0,0,0,0,0,0,0,0,0
D,8,100.0,100.0,100.0,77.9,0.0,0.0,0.5,2.5,0.0,80.24000000000002,76.82,75.02,71.96000000000002,0,0,0,0,0,0,0,0,0,0,0,0,0,0,0,0,0,0,0,0,0,0,0,0,0,0,0,0,0,0,0,0,0,0,1,0,0,0,0,0,0,0,0,0
D,6,100.0,100.0,0.0,0.0,0.0,0.0,0.0,0.0,0.0,65.12,72.14,77.36,79.34,0,0,1,0,0,0,0,0,0,0,0,0,0,0,0,0,0,0,0,0,0,0,0,0,0,0,0,0,0,0,0,0,0,0,0,0,0,0,0,0,0,0,0,0
D,8,100.0,100.0,4.02,0.0,0.0,0.0,0.0,0.0,0.0,75.38,76.82,76.28,71.96000000000002,0,0,1,0,0,0,0,0,0,0,0,0,0,0,0,0,0,0,0,0,0,0,0,0,0,0,0,0,0,0,0,0,0,0,0,0,0,0,0,0,0,0,0,0
D,6,100.0,100.0,0.0,0.0,0.0,0.0,0.0,0.0,0.0,67.64,65.48,57.38,64.58000000000001,0,0,0,0,0,0,0,0,0,0,0,0,0,0,0,0,0,0,0,0,0,0,0,1,0,0,0,0,0,0,0,0,0,0,0,0,0,0,0,0,0,0,0,0
D,7,100.0,100.0,99.25,0.0,0.0,0.0,0.0,1.3,1.8,76.28,73.94,71.24000000000002,73.75999999999998,0,0,0,0,0,0,1,0,0,0,0,0,0,0,0,0,0,0,0,0,0,0,0,0,0,0,0,0,0,0,0,0,0,0,0,0,0,0,0,0,0,0,0,0
D,8,100.0,100.0,100.0,0.0,0.0,0.0,0.0,0.0,0.0,72.14,69.44,71.78,73.03999999999998,0,0,0,0,0,0,0,0,0,0,0,0,0,0,0,0,0,0,0,0,0,0,0,0,0,0,0,0,0,1,0,0,0,0,0,0,0,0,0,0,0,0,0,0
D,8,100.0,100.0,100.0,0.0,0.0,0.0,0.0,0.0,0.3,79.52,79.34,81.5,81.32,0,0,0,0,0,0,0,0,0,0,0,0,0,0,0,0,0,0,0,0,0,0,0,0,0,0,0,0,0,1,0,0,0,0,0,0,0,0,0,0,0,0,0,0
D,8,100.0,0.0,0.0,0.0,0.0,0.0,0.0,0.0,0.0,75.02,74.66,71.78,69.08000000000001,0,0,0,0,0,0,0,0,0,0,0,0,0,0,0,0,0,0,0,0,0,0,0,0,1,0,0,0,0,0,0,0,0,0,0,0,0,0,0,0,0,0,0,0
D,9,100.0,0.0,0.0,0.0,0.0,0.3,0.8,0.0,0.0,61.52,51.98,44.42,44.42,0,0,0,0,0,0,0,0,0,0,0,0,0,0,0,0,0,0,0,0,0,0,0,0,1,0,0,0,0,0,0,0,0,0,0,0,0,0,0,0,0,0,0,0
D,7,100.0,0.0,0.0,0.0,0.0,4.8,0.0,0.8,0.5,69.08000000000001,68.18,74.48,68.18,0,0,0,0,0,0,0,0,0,0,0,0,0,0,0,0,0,0,0,0,0,0,0,0,1,0,0,0,0,0,0,0,0,0,0,0,0,0,0,0,0,0,0,0
D,8,100.0,99.76,69.56,13.96,0.0,0.8,0.0,0.0,0.0,66.38,66.56,73.58000000000001,76.64,0,0,0,0,0,0,0,0,0,0,0,0,0,0,0,0,0,0,0,0,0,0,0,0,0,0,0,0,0,0,0,0,0,0,0,0,0,0,0,0,0,1,0,0
D,7,100.0,0.0,0.0,0.0,0.0,0.0,0.0,0.0,0.0,83.30000000000003,87.08000000000001,87.44,90.68,0,0,0,0,0,0,0,1,0,0,0,0,0,0,0,0,0,0,0,0,0,0,0,0,0,0,0,0,0,0,0,0,0,0,0,0,0,0,0,0,0,0,0,0
D,8,97.63,0.0,0.0,0.0,0.0,0.0,0.0,0.0,0.0,87.80000000000003,87.25999999999998,87.25999999999998,88.16,0,0,0,0,0,0,0,0,0,0,0,0,0,0,0,0,0,1,0,0,0,0,0,0,0,0,0,0,0,0,0,0,0,0,0,0,0,0,0,0,0,0,0,0
D,7,100.0,0.0,0.0,0.0,0.0,0.0,1.5,0.0,0.5,78.80000000000003,80.78,78.62,78.08000000000001,0,0,0,0,0,0,0,1,0,0,0,0,0,0,0,0,0,0,0,0,0,0,0,0,0,0,0,0,0,0,0,0,0,0,0,0,0,0,0,0,0,0,0,0
D,8,100.0,100.0,86.15,2.51,0.0,0.0,0.0,0.0,0.0,77.72,78.80000000000003,81.68,87.25999999999998,0,0,0,0,0,0,0,0,0,0,0,0,0,0,0,0,0,0,0,0,0,0,0,0,0,0,0,0,0,0,0,0,0,0,1,0,0,0,0,0,0,0,0,0
D,8,100.0,100.0,86.15,2.51,0.0,0.0,0.0,0.0,0.0,77.72,78.80000000000003,81.68,87.25999999999998,0,0,0,0,0,0,0,0,0,0,0,0,0,0,0,0,0,0,0,0,0,0,0,0,0,0,0,0,0,0,0,0,0,0,1,0,0,0,0,0,0,0,0,0
D,7,100.0,9.72,0.0,0.0,0.0,1.5,0.0,0.5,0.0,80.78,78.62,78.08000000000001,79.7,1,0,0,0,0,0,0,0,0,0,0,0,0,0,0,0,0,0,0,0,0,0,0,0,0,0,0,0,0,0,0,0,0,0,0,0,0,0,0,0,0,0,0,0
D,9,100.0,100.0,46.44,2.37,0.0,0.0,0.0,0.0,0.0,68.18,59.36,64.03999999999999,69.62,0,0,0,0,0,0,0,0,0,0,0,0,0,0,0,0,0,0,0,0,0,0,0,0,0,0,0,0,0,0,0,0,0,0,0,1,0,0,0,0,0,0,0,0
D,6,90.02,69.47,23.33,0.0,0.0,0.0,0.0,0.0,0.0,66.92,63.14,63.5,69.98,0,0,0,0,0,1,0,0,0,0,0,0,0,0,0,0,0,0,0,0,0,0,0,0,0,0,0,0,0,0,0,0,0,0,0,0,0,0,0,0,0,0,0,0
D,7,49.99,30.26,6.18,0.0,0.0,0.0,0.0,0.0,4.8,79.16,76.1,75.38,78.25999999999998,0,0,0,0,0,0,0,0,0,1,0,0,0,0,0,0,0,0,0,0,0,0,0,0,0,0,0,0,0,0,0,0,0,0,0,0,0,0,0,0,0,0,0,0
D,7,49.99,30.26,6.18,0.0,0.0,0.0,0.0,6.6,0.0,71.9762626764068,72.29543715459882,72.58600682593917,72.35869338848896,0,0,0,0,0,0,0,0,0,1,0,0,0,0,0,0,0,0,0,0,0,0,0,0,0,0,0,0,0,0,0,0,0,0,0,0,0,0,0,0,0,0,0,0
D,6,100.0,100.0,86.64,1.64,0.0,0.0,0.0,0.0,0.0,60.44,65.84,62.42,70.52,0,0,0,0,0,0,0,0,0,0,0,0,0,0,0,0,0,0,0,0,0,0,0,0,0,0,0,0,0,0,0,0,0,0,1,0,0,0,0,0,0,0,0,0
D,6,100.0,100.0,100.0,4.85,0.0,0.3,0.0,0.0,0.0,66.38,66.38,67.82,68.36,0,0,0,0,0,0,0,0,0,0,0,0,0,0,0,0,0,0,0,0,0,0,0,0,0,0,0,0,0,0,0,0,0,0,0,0,0,0,0,1,0,0,0,0
D,7,100.0,100.0,100.0,4.85,0.0,0.0,0.0,0.0,0.0,67.82,68.36,75.38,82.03999999999998,0,0,0,0,0,0,0,0,0,0,0,0,0,0,0,0,0,0,0,0,0,0,0,0,0,0,0,0,0,0,0,0,0,0,0,0,0,0,0,1,0,0,0,0
D,8,100.0,100.0,86.15,2.51,0.0,0.0,0.0,0.0,0.0,78.80000000000003,81.68,87.25999999999998,83.30000000000003,0,0,0,0,0,0,0,0,0,0,0,0,0,0,0,0,0,0,0,0,0,0,0,0,0,0,0,0,0,0,0,0,0,0,1,0,0,0,0,0,0,0,0,0
D,6,100.0,100.0,100.0,21.47,0.0,0.0,0.0,0.0,0.0,66.92,63.14,63.5,69.98,0,0,0,0,0,0,0,0,0,0,0,0,0,0,0,0,0,0,0,0,0,0,0,0,0,0,0,0,0,1,0,0,0,0,0,0,0,0,0,0,0,0,0,0
D,6,100.0,100.0,100.0,21.47,0.0,0.0,0.0,0.0,0.0,68.53999999999999,68.36,66.92,64.4,0,0,0,0,0,0,0,0,0,0,0,0,0,0,0,0,0,0,0,0,0,0,0,0,0,0,0,0,0,1,0,0,0,0,0,0,0,0,0,0,0,0,0,0
D,8,0.18,0.0,0.0,0.0,0.0,0.0,0.0,0.0,0.0,84.92,84.2,80.78,81.5,0,0,0,0,0,0,0,0,0,0,0,0,0,0,0,0,0,0,0,0,0,0,0,0,0,0,0,0,0,0,0,0,0,0,0,0,0,1,0,0,0,0,0,0
D,8,0.18,0.0,0.0,0.0,0.0,0.0,0.0,0.0,0.0,87.25999999999998,88.16,85.28,83.30000000000003,0,0,0,0,0,0,0,0,0,0,0,0,0,0,0,0,0,0,0,0,0,0,0,0,0,0,0,0,0,0,0,0,0,0,0,0,0,1,0,0,0,0,0,0
D,9,92.82,0.0,0.0,0.0,0.0,0.0,0.0,0.0,0.0,72.14,72.68,73.58000000000001,72.14,0,0,0,0,0,0,0,0,0,0,0,0,0,0,0,0,0,0,0,0,0,0,0,0,1,0,0,0,0,0,0,0,0,0,0,0,0,0,0,0,0,0,0,0
D,8,100.0,100.0,6.9,0.0,0.0,0.0,0.0,0.0,0.3,85.82,86.53999999999998,85.1,80.06,0,0,0,0,0,0,0,0,0,0,0,0,0,0,0,0,0,0,0,1,0,0,0,0,0,0,0,0,0,0,0,0,0,0,0,0,0,0,0,0,0,0,0,0
D,8,100.0,100.0,100.0,95.49,0.0,0.0,0.0,0.0,0.0,75.92,71.42,72.86,74.48,0,0,0,0,0,0,0,0,1,0,0,0,0,0,0,0,0,0,0,0,0,0,0,0,0,0,0,0,0,0,0,0,0,0,0,0,0,0,0,0,0,0,0,0
D,8,100.0,100.0,0.45,0.0,0.0,0.0,0.5,0.0,0.0,64.03999999999999,72.86,70.7,77.36,0,0,0,0,0,0,0,0,0,0,0,0,0,0,0,0,0,0,0,0,0,0,0,0,0,0,0,1,0,0,0,0,0,0,0,0,0,0,0,0,0,0,0,0
D,7,100.0,100.0,100.0,0.0,0.0,0.0,1.3,0.2,0.0,84.92,77.0,73.22,77.0,0,0,0,0,0,0,0,0,1,0,0,0,0,0,0,0,0,0,0,0,0,0,0,0,0,0,0,0,0,0,0,0,0,0,0,0,0,0,0,0,0,0,0,0
D,6,100.0,100.0,78.63,55.73,0.0,0.0,0.0,0.3,3.6,67.64,61.88,63.68000000000001,68.53999999999999,0,0,0,0,0,0,0,0,0,0,0,0,0,0,0,0,0,0,0,0,0,0,0,0,0,0,0,0,0,0,0,0,0,0,0,0,0,0,0,0,0,1,0,0
D,8,100.0,99.75,87.29,57.23,0.0,0.0,0.0,0.3,1.8,86.53999999999998,85.1,80.06,77.72,0,0,0,0,0,0,0,0,0,0,0,0,0,0,0,0,0,0,0,0,0,0,0,0,0,0,0,0,0,0,0,0,0,0,1,0,0,0,0,0,0,0,0,0
D,8,100.0,100.0,14.88,0.0,0.0,0.0,0.0,0.0,0.0,83.48,88.52,88.34,90.5,0,0,0,0,0,0,0,0,0,0,0,0,0,0,0,0,0,0,0,1,0,0,0,0,0,0,0,0,0,0,0,0,0,0,0,0,0,0,0,0,0,0,0,0
D,8,100.0,100.0,14.88,0.0,0.0,0.0,0.0,0.0,0.0,83.48,88.52,88.34,90.5,0,0,0,0,0,0,0,0,0,0,0,0,0,0,0,0,0,0,0,1,0,0,0,0,0,0,0,0,0,0,0,0,0,0,0,0,0,0,0,0,0,0,0,0
D,8,100.0,100.0,99.68,79.81,0.0,0.0,0.0,0.0,0.0,80.06,82.4,80.42,82.75999999999998,0,0,0,0,0,0,0,0,0,0,0,0,0,0,0,0,0,0,0,0,0,0,0,0,0,0,0,0,0,0,0,0,0,0,0,0,0,0,0,0,0,1,0,0
D,6,100.0,95.42,80.6,0.0,0.0,0.0,0.0,0.0,2.8,71.6,76.28,78.62,74.84,0,0,0,0,0,0,0,0,0,0,0,0,0,0,0,0,1,0,0,0,0,0,0,0,0,0,0,0,0,0,0,0,0,0,0,0,0,0,0,0,0,0,0,0
D,6,100.0,99.75,83.22,57.23,0.0,0.0,0.0,0.0,0.0,77.72,78.62,76.64,72.86,0,0,0,0,0,0,0,0,0,0,0,0,0,0,0,0,0,0,0,0,0,0,0,0,0,0,0,0,0,0,0,0,0,0,1,0,0,0,0,0,0,0,0,0
D,6,100.0,99.75,89.6,57.23,0.0,0.0,0.0,0.0,0.0,73.03999999999998,76.46000000000002,77.53999999999998,77.36,0,0,0,0,0,0,0,0,0,0,0,0,0,0,0,0,0,0,0,0,0,0,0,0,0,0,0,0,0,0,0,0,0,0,1,0,0,0,0,0,0,0,0,0
D,7,100.0,99.75,89.6,57.23,0.0,0.0,0.0,0.0,0.0,87.44,87.08000000000001,83.30000000000003,77.72,0,0,0,0,0,0,0,0,0,0,0,0,0,0,0,0,0,0,0,0,0,0,0,0,0,0,0,0,0,0,0,0,0,0,1,0,0,0,0,0,0,0,0,0
D,8,100.0,100.0,70.96,0.0,0.0,0.0,0.0,0.0,0.0,83.48,88.52,88.34,90.5,0,0,0,0,0,0,0,0,0,0,0,0,1,0,0,0,0,0,0,0,0,0,0,0,0,0,0,0,0,0,0,0,0,0,0,0,0,0,0,0,0,0,0,0
D,7,100.0,100.0,84.66,0.0,0.0,0.0,0.0,0.0,0.0,88.52,86.36,86.9,87.44,0,0,0,0,0,0,0,0,0,0,0,0,0,0,0,0,0,0,0,0,0,0,0,0,0,0,0,0,0,1,0,0,0,0,0,0,0,0,0,0,0,0,0,0
D,6,100.0,100.0,0.0,0.0,0.0,0.0,0.0,0.0,0.3,77.36,82.03999999999998,87.08000000000001,91.94,0,0,0,0,0,0,0,1,0,0,0,0,0,0,0,0,0,0,0,0,0,0,0,0,0,0,0,0,0,0,0,0,0,0,0,0,0,0,0,0,0,0,0,0
D,6,100.0,100.0,0.0,0.0,0.0,0.0,0.0,0.0,0.0,78.62,76.64,72.86,75.56,0,0,0,0,0,0,0,1,0,0,0,0,0,0,0,0,0,0,0,0,0,0,0,0,0,0,0,0,0,0,0,0,0,0,0,0,0,0,0,0,0,0,0,0
